-- MySQL dump 10.13  Distrib 5.6.26, for Linux (i686)
--
-- Host: localhost    Database: securitydev
-- ------------------------------------------------------
-- Server version	5.6.26

/*!40101 SET @OLD_CHARACTER_SET_CLIENT=@@CHARACTER_SET_CLIENT */;
/*!40101 SET @OLD_CHARACTER_SET_RESULTS=@@CHARACTER_SET_RESULTS */;
/*!40101 SET @OLD_COLLATION_CONNECTION=@@COLLATION_CONNECTION */;
/*!40101 SET NAMES utf8 */;
/*!40103 SET @OLD_TIME_ZONE=@@TIME_ZONE */;
/*!40103 SET TIME_ZONE='+00:00' */;
/*!40014 SET @OLD_UNIQUE_CHECKS=@@UNIQUE_CHECKS, UNIQUE_CHECKS=0 */;
/*!40014 SET @OLD_FOREIGN_KEY_CHECKS=@@FOREIGN_KEY_CHECKS, FOREIGN_KEY_CHECKS=0 */;
/*!40101 SET @OLD_SQL_MODE=@@SQL_MODE, SQL_MODE='NO_AUTO_VALUE_ON_ZERO' */;
/*!40111 SET @OLD_SQL_NOTES=@@SQL_NOTES, SQL_NOTES=0 */;

--
-- Table structure for table `sec_city`
--

DROP TABLE IF EXISTS `sec_city`;
/*!40101 SET @saved_cs_client     = @@character_set_client */;
/*!40101 SET character_set_client = utf8 */;
CREATE TABLE `sec_city` (
  `code` char(5) NOT NULL,
  `name` varchar(255) NOT NULL DEFAULT '',
  `region` char(5) DEFAULT NULL,
  `incharge` varchar(30) DEFAULT NULL,
  `lcu` varchar(30) DEFAULT NULL,
  `luu` varchar(30) DEFAULT NULL,
  `lcd` timestamp NULL DEFAULT CURRENT_TIMESTAMP,
  `lud` timestamp NULL DEFAULT CURRENT_TIMESTAMP ON UPDATE CURRENT_TIMESTAMP,
  PRIMARY KEY (`code`)
) ENGINE=InnoDB DEFAULT CHARSET=utf8;
/*!40101 SET character_set_client = @saved_cs_client */;

--
-- Dumping data for table `sec_city`
--

LOCK TABLES `sec_city` WRITE;
/*!40000 ALTER TABLE `sec_city` DISABLE KEYS */;
INSERT INTO `sec_city` VALUES ('CE','China East','CN','director','admin','admin','2017-03-31 02:41:54','2017-03-31 02:44:30'),('CN','China','HK','boss','admin','admin','2016-11-22 07:39:57','2017-03-31 02:44:22'),('HK','Hong Kong','','boss1','admin','admin','2015-10-30 04:06:08','2016-12-22 07:59:12'),('SH','上海','CE','manager','admin','admin','2015-10-30 04:06:08','2017-03-31 02:42:16'),('SZ','Shenzhen','CN',NULL,'admin','admin','2015-10-30 04:06:08','2016-11-23 02:22:47');
/*!40000 ALTER TABLE `sec_city` ENABLE KEYS */;
UNLOCK TABLES;

--
-- Table structure for table `sec_login_log`
--

DROP TABLE IF EXISTS `sec_login_log`;
/*!40101 SET @saved_cs_client     = @@character_set_client */;
/*!40101 SET character_set_client = utf8 */;
CREATE TABLE `sec_login_log` (
  `station_id` varchar(30) NOT NULL,
  `username` varchar(30) NOT NULL,
  `client_ip` varchar(20) DEFAULT NULL,
  `login_time` timestamp NULL DEFAULT CURRENT_TIMESTAMP
) ENGINE=MyISAM DEFAULT CHARSET=utf8;
/*!40101 SET character_set_client = @saved_cs_client */;

--
-- Dumping data for table `sec_login_log`
--

LOCK TABLES `sec_login_log` WRITE;
/*!40000 ALTER TABLE `sec_login_log` DISABLE KEYS */;
INSERT INTO `sec_login_log` VALUES ('N/A','admin','192.168.0.155','2017-02-15 06:42:59'),('N/A','admin','192.168.0.155','2017-02-15 07:28:59'),('N/A','admin','192.168.0.155','2017-02-15 07:30:12'),('N/A','admin','192.168.0.155','2017-02-15 08:13:02'),('N/A','admin','192.168.0.155','2017-02-15 16:46:27'),('N/A','admin','192.168.0.155','2017-02-15 17:26:54'),('N/A','admin','192.168.0.155','2017-02-17 02:54:01'),('N/A','admin','192.168.0.155','2017-02-17 02:59:04'),('N/A','admin','192.168.0.155','2017-02-17 03:54:32'),('N/A','admin','192.168.0.155','2017-02-17 04:07:42'),('N/A','admin','192.168.0.155','2017-02-17 04:08:01'),('N/A','admin','192.168.0.155','2017-02-17 04:09:22'),('N/A','admin','192.168.0.155','2017-02-17 05:05:18'),('N/A','admin','192.168.0.155','2017-02-17 05:05:37'),('N/A','admin','192.168.0.155','2017-02-17 05:11:33'),('N/A','admin','192.168.0.155','2017-02-17 06:35:28'),('N/A','admin','192.168.0.155','2017-02-20 10:10:36'),('N/A','admin','192.168.0.155','2017-02-21 07:16:39'),('N/A','admin','192.168.0.155','2017-02-21 09:36:21'),('N/A','admin','192.168.0.155','2017-02-21 10:25:34'),('N/A','admin','192.168.0.155','2017-02-21 16:33:43'),('N/A','admin','192.168.0.155','2017-02-22 01:34:33'),('N/A','admin','192.168.0.155','2017-02-22 03:11:29'),('N/A','admin','192.168.0.155','2017-02-23 02:42:56'),('N/A','admin','192.168.0.155','2017-02-23 08:27:42'),('N/A','admin','192.168.0.155','2017-02-23 10:26:10'),('N/A','admin','192.168.0.155','2017-02-23 17:36:21'),('N/A','admin','192.168.0.155','2017-02-24 02:18:14'),('N/A','admin','192.168.0.155','2017-02-24 02:32:33'),('N/A','admin','192.168.0.155','2017-02-24 02:33:27'),('N/A','admin','192.168.0.155','2017-02-24 04:19:18'),('N/A','test','192.168.0.155','2017-02-24 05:11:36'),('N/A','admin','192.168.0.155','2017-02-24 09:34:15'),('N/A','test','192.168.0.155','2017-02-24 09:35:26'),('N/A','admin','192.168.0.155','2017-02-25 01:48:16'),('N/A','admin','192.168.0.155','2017-02-25 05:03:04'),('N/A','admin','192.168.0.155','2017-02-27 02:10:26'),('N/A','admin','192.168.0.155','2017-02-27 04:09:22'),('N/A','admin','192.168.0.219','2017-02-27 10:15:53'),('N/A','admin','192.168.0.155','2017-02-28 06:29:32'),('N/A','test','192.168.0.155','2017-02-28 06:29:56'),('N/A','admin','192.168.0.155','2017-02-28 07:53:14'),('N/A','test','192.168.0.155','2017-02-28 07:53:35'),('N/A','admin','192.168.0.155','2017-02-28 08:00:12'),('N/A','test','192.168.0.155','2017-02-28 08:00:32'),('N/A','admin','192.168.0.155','2017-02-28 08:01:39'),('N/A','test','192.168.0.155','2017-02-28 08:01:55'),('N/A','admin','192.168.0.155','2017-02-28 08:58:32'),('N/A','test','192.168.0.155','2017-02-28 08:59:21'),('N/A','test','192.168.0.155','2017-03-02 00:59:50'),('N/A','admin','192.168.0.155','2017-03-02 01:00:11'),('N/A','test','192.168.0.155','2017-03-02 01:00:42'),('N/A','test','192.168.0.160','2017-03-03 09:49:24'),('N/A','test','192.168.0.160','2017-03-03 09:49:33'),('N/A','test','192.168.0.160','2017-03-03 09:51:00'),('N/A','admin','192.168.0.160','2017-03-03 09:51:07'),('N/A','admin','192.168.0.160','2017-03-03 09:51:21'),('N/A','test','192.168.0.160','2017-03-03 09:51:27'),('N/A','test','192.168.0.160','2017-03-03 09:54:51'),('N/A','admin','192.168.0.160','2017-03-03 09:55:16'),('N/A','test','192.168.0.160','2017-03-03 09:56:39'),('N/A','admin','192.168.0.160','2017-03-03 10:01:57'),('N/A','test','192.168.0.160','2017-03-03 10:02:23'),('N/A','test','192.168.2.10','2017-03-03 16:36:52'),('N/A','admin','192.168.2.10','2017-03-03 16:39:56'),('N/A','test','192.168.2.10','2017-03-03 16:40:18'),('N/A','admin','192.168.2.10','2017-03-03 16:41:18'),('N/A','admin','192.168.2.23','2017-03-04 18:21:45'),('N/A','test','192.168.2.23','2017-03-04 18:22:14'),('N/A','test','192.168.2.24','2017-03-05 09:21:19'),('N/A','admin','192.168.0.160','2017-03-06 08:34:31'),('N/A','test','192.168.0.160','2017-03-06 08:37:40'),('N/A','test','192.168.0.160','2017-03-06 09:52:33'),('N/A','test','192.168.0.160','2017-03-07 02:50:29'),('N/A','admin','192.168.0.160','2017-03-07 02:50:44'),('N/A','test','192.168.0.160','2017-03-07 02:51:06'),('N/A','test','192.168.0.160','2017-03-08 03:58:29'),('N/A','test','192.168.0.160','2017-03-08 07:23:10'),('N/A','admin','192.168.0.160','2017-03-08 10:18:56'),('N/A','test','192.168.0.160','2017-03-08 10:26:55'),('N/A','test','192.168.2.30','2017-03-08 17:31:55'),('N/A','test','192.168.2.31','2017-03-08 17:43:48'),('N/A','test','192.168.0.160','2017-03-09 01:40:13'),('N/A','test','192.168.0.160','2017-03-09 07:09:41'),('N/A','test','192.168.0.160','2017-03-09 08:51:49'),('N/A','admin','192.168.0.160','2017-03-10 04:29:48'),('N/A','admin','192.168.2.43','2017-03-11 19:19:26'),('N/A','test','192.168.2.43','2017-03-11 19:20:16'),('N/A','test','192.168.2.45','2017-03-12 09:25:55'),('N/A','test','192.168.2.45','2017-03-12 14:36:07'),('N/A','admin','192.168.2.45','2017-03-12 14:36:21'),('N/A','test','192.168.2.46','2017-03-12 14:38:38'),('N/A','test','192.168.2.47','2017-03-12 15:12:34'),('N/A','test','192.168.0.160','2017-03-13 02:23:07'),('N/A','test','192.168.0.160','2017-03-13 08:29:47'),('N/A','admin','192.168.0.160','2017-03-13 09:35:20'),('N/A','test','192.168.0.160','2017-03-13 09:35:47'),('N/A','test','192.168.0.160','2017-03-14 02:10:54'),('N/A','test','192.168.0.160','2017-03-14 07:52:49'),('N/A','admin','192.168.0.160','2017-03-16 04:50:25'),('N/A','test','192.168.0.160','2017-03-16 04:50:48'),('N/A','test','192.168.0.160','2017-03-16 08:22:26'),('N/A','test','192.168.0.160','2017-03-17 08:56:23'),('N/A','admin','192.168.0.160','2017-03-17 08:57:05'),('N/A','test','192.168.0.160','2017-03-17 08:57:37'),('N/A','test','192.168.0.160','2017-03-20 07:26:29'),('N/A','admin','192.168.0.160','2017-03-20 08:28:20'),('N/A','test','192.168.0.160','2017-03-20 08:28:48'),('N/A','test','192.168.0.160','2017-03-20 09:46:43'),('N/A','test','192.168.0.160','2017-03-21 02:28:52'),('N/A','test','192.168.0.160','2017-03-28 02:23:11'),('N/A','admin','192.168.0.160','2017-03-28 02:23:31'),('N/A','test','192.168.0.160','2017-03-28 02:25:30'),('N/A','test','192.168.0.160','2017-03-28 10:28:24'),('N/A','test','192.168.0.160','2017-03-30 03:28:18'),('N/A','test','192.168.2.92','2017-03-30 18:22:30'),('N/A','admin','192.168.0.160','2017-03-31 02:32:24'),('N/A','test','192.168.0.160','2017-03-31 02:37:41'),('N/A','admin','192.168.0.160','2017-03-31 02:41:17'),('N/A','admin','192.168.0.160','2017-03-31 02:44:13'),('N/A','test','192.168.0.160','2017-03-31 02:44:48'),('N/A','test','192.168.0.160','2017-03-31 06:26:01'),('N/A','test','192.168.0.160','2017-03-31 10:31:25'),('N/A','manager','192.168.0.160','2017-04-01 04:08:16'),('N/A','admin','192.168.0.160','2017-04-01 04:09:07'),('N/A','manager','192.168.0.160','2017-04-01 04:09:29'),('N/A','test','192.168.0.160','2017-04-01 05:12:56'),('N/A','manager','192.168.0.160','2017-04-01 05:15:37'),('N/A','manager','192.168.0.160','2017-04-01 05:17:26'),('N/A','test','192.168.2.94','2017-04-01 18:02:46'),('N/A','test','192.168.2.94','2017-04-01 20:18:21'),('N/A','test','192.168.2.96','2017-04-02 07:38:37'),('N/A','test','192.168.2.97','2017-04-02 11:02:30'),('N/A','test','192.168.2.97','2017-04-02 12:30:06'),('N/A','manager','192.168.2.97','2017-04-02 14:37:31'),('N/A','admin','192.168.2.97','2017-04-02 15:28:04'),('N/A','test','192.168.2.97','2017-04-02 15:28:44'),('N/A','test','192.168.2.98','2017-04-02 18:29:11'),('N/A','test','192.168.2.98','2017-04-02 18:49:01'),('N/A','test','192.168.0.160','2017-04-03 01:36:12'),('N/A','test','192.168.0.160','2017-04-03 03:58:37'),('N/A','admin','192.168.0.160','2017-04-03 04:31:30'),('N/A','boss','192.168.0.160','2017-04-03 04:32:17'),('N/A','test','192.168.0.160','2017-04-03 06:42:52'),('N/A','test','192.168.0.160','2017-04-03 09:28:05'),('N/A','test','192.168.2.104','2017-04-04 15:50:32'),('N/A','manager','192.168.2.104','2017-04-04 16:49:11'),('N/A','admin','192.168.0.160','2017-04-05 02:15:03'),('N/A','test','192.168.0.160','2017-04-05 02:15:48'),('N/A','admin','192.168.0.160','2017-04-05 02:27:32'),('N/A','manager','192.168.0.160','2017-04-05 02:28:56'),('N/A','boss','192.168.0.160','2017-04-05 02:57:52'),('N/A','test','192.168.0.160','2017-04-05 02:58:26'),('N/A','admin','192.168.0.160','2017-04-05 03:02:26'),('N/A','test','192.168.0.160','2017-04-05 03:03:07'),('N/A','boss','192.168.0.160','2017-04-05 03:07:01'),('N/A','test','192.168.0.160','2017-04-05 03:13:39'),('N/A','boss','192.168.0.160','2017-04-05 03:16:01'),('N/A','test','192.168.0.219','2017-04-05 05:11:12'),('N/A','manager','192.168.0.219','2017-04-05 05:14:42'),('N/A','admin','192.168.0.219','2017-04-05 05:15:13'),('N/A','test','192.168.0.219','2017-04-05 05:15:45'),('N/A','test','192.168.0.160','2017-04-05 06:20:40'),('N/A','admin','192.168.0.160','2017-04-05 06:21:06'),('N/A','test','192.168.0.160','2017-04-05 06:21:35'),('N/A','admin','192.168.2.107','2017-04-05 17:52:42'),('N/A','test','192.168.2.107','2017-04-05 17:53:05'),('N/A','test','192.168.0.160','2017-04-06 10:23:17'),('N/A','test','192.168.0.160','2017-04-06 10:23:21'),('N/A','admin','192.168.0.160','2017-04-07 02:08:18'),('N/A','test','192.168.0.160','2017-04-07 02:11:18'),('N/A','admin','192.168.0.160','2017-04-07 02:11:51'),('N/A','test','192.168.0.160','2017-04-07 02:12:25'),('N/A','manager','192.168.0.160','2017-04-07 02:39:47'),('N/A','test','192.168.0.160','2017-04-07 03:25:16'),('N/A','manager','192.168.0.160','2017-04-07 03:33:29'),('N/A','manager1','192.168.0.160','2017-04-07 03:33:43'),('N/A','manager','192.168.0.160','2017-04-07 03:34:01'),('N/A','test','192.168.0.160','2017-04-07 04:26:30'),('N/A','manager1','192.168.0.160','2017-04-07 04:33:07'),('N/A','test','192.168.0.158','2017-04-07 04:39:09'),('N/A','test','192.168.0.160','2017-04-07 04:42:39'),('N/A','test','192.168.0.158','2017-04-07 04:47:00'),('N/A','test','192.168.0.158','2017-04-07 04:47:19'),('N/A','test','192.168.0.160','2017-04-07 04:47:51'),('N/A','test','192.168.0.160','2017-04-07 04:48:31'),('N/A','director1','192.168.0.160','2017-04-07 05:01:53'),('N/A','test','192.168.0.160','2017-04-07 05:05:10'),('N/A','admin','192.168.0.160','2017-04-07 05:06:15'),('N/A','boss','192.168.0.160','2017-04-07 05:07:01'),('N/A','test','192.168.0.160','2017-04-07 06:31:06'),('N/A','test','192.168.0.158','2017-04-07 06:36:37'),('N/A','boss','192.168.0.160','2017-04-07 06:42:12'),('N/A','test','192.168.0.160','2017-04-07 06:43:12'),('N/A','manager','192.168.0.160','2017-04-07 07:54:36'),('N/A','test','192.168.0.160','2017-04-07 08:23:05'),('N/A','manager','192.168.0.160','2017-04-07 09:43:10'),('N/A','test','192.168.0.160','2017-04-07 09:43:31'),('N/A','test','192.168.2.114','2017-04-07 17:07:11'),('N/A','manager','192.168.2.114','2017-04-07 17:13:24'),('N/A','test','192.168.2.114','2017-04-07 17:13:57'),('N/A','manager','192.168.2.114','2017-04-07 17:15:39'),('N/A','test','192.168.2.114','2017-04-07 17:16:58'),('N/A','admin','192.168.2.114','2017-04-07 17:20:51'),('N/A','test','192.168.2.114','2017-04-07 17:23:05'),('N/A','test','192.168.2.114','2017-04-07 19:21:05'),('N/A','director1','192.168.2.114','2017-04-07 19:40:53'),('N/A','test','192.168.2.114','2017-04-07 19:41:30'),('N/A','boss','192.168.2.114','2017-04-07 19:46:27'),('N/A','test','192.168.2.114','2017-04-07 19:47:10'),('N/A','manager','192.168.2.114','2017-04-07 20:02:18'),('N/A','test','192.168.2.114','2017-04-07 20:02:35'),('N/A','test','192.168.2.115','2017-04-08 03:19:20'),('N/A','test','192.168.2.115','2017-04-08 04:52:02'),('N/A','boss','192.168.2.115','2017-04-08 04:52:20'),('N/A','admin','192.168.2.115','2017-04-08 04:52:29'),('N/A','boss','192.168.2.115','2017-04-08 04:52:52'),('N/A','test','192.168.2.115','2017-04-08 04:53:19'),('N/A','director1','192.168.2.115','2017-04-08 05:17:31'),('N/A','test','192.168.2.115','2017-04-08 05:19:08'),('N/A','test','192.168.2.115','2017-04-08 06:31:54'),('N/A','test','192.168.2.116','2017-04-08 08:43:10'),('N/A','boss','192.168.2.116','2017-04-08 08:44:02'),('N/A','test','192.168.2.116','2017-04-08 09:16:41'),('N/A','manager','192.168.2.116','2017-04-08 09:20:20'),('N/A','test','192.168.2.116','2017-04-08 09:20:43'),('N/A','boss','192.168.2.116','2017-04-08 09:23:13'),('N/A','test','192.168.2.116','2017-04-08 09:23:33'),('N/A','test','192.168.2.116','2017-04-08 13:35:15'),('N/A','test','192.168.2.116','2017-04-08 14:45:55'),('N/A','test','192.168.2.119','2017-04-09 02:19:34'),('N/A','manager','192.168.2.119','2017-04-09 02:39:57'),('N/A','test','192.168.2.119','2017-04-09 02:40:19'),('N/A','boss','192.168.2.119','2017-04-09 02:40:57'),('N/A','test','192.168.2.119','2017-04-09 02:41:24'),('N/A','director','192.168.2.119','2017-04-09 04:27:30'),('N/A','test','192.168.2.120','2017-04-09 14:40:08'),('N/A','test','192.168.2.121','2017-04-09 15:51:19'),('N/A','test','192.168.0.160','2017-04-10 01:37:40'),('N/A','admin','192.168.0.160','2017-04-10 02:51:41'),('N/A','test','192.168.0.160','2017-04-10 02:52:27'),('N/A','test','192.168.0.160','2017-04-10 09:04:04'),('N/A','test','192.168.0.160','2017-04-10 09:04:28'),('N/A','test','192.168.0.160','2017-04-11 02:55:22'),('N/A','manager1','192.168.0.160','2017-04-11 02:56:30'),('N/A','admin','192.168.0.160','2017-04-11 07:06:05'),('N/A','boss','192.168.0.160','2017-04-11 07:07:14'),('N/A','test','192.168.0.160','2017-04-11 07:45:23'),('N/A','admin','192.168.0.160','2017-04-11 09:11:12'),('N/A','test','192.168.0.160','2017-04-11 09:12:01'),('N/A','test','192.168.0.160','2017-04-11 10:30:19'),('N/A','test','192.168.0.160','2017-04-21 08:39:52'),('N/A','test','192.168.0.160','2017-04-22 01:58:39'),('N/A','test','192.168.2.136','2017-04-23 13:04:20'),('N/A','test','192.168.2.136','2017-04-23 14:37:41'),('N/A','test','192.168.2.137','2017-04-23 17:43:09'),('N/A','test','192.168.0.160','2017-04-24 01:54:01'),('N/A','admin','192.168.0.160','2017-04-24 04:18:51'),('N/A','test','192.168.0.160','2017-04-24 04:19:15'),('N/A','test','192.168.0.160','2017-04-24 10:35:05'),('N/A','admin','192.168.0.160','2017-04-25 04:26:09'),('N/A','test','192.168.0.160','2017-04-25 04:50:02'),('N/A','test','192.168.0.160','2017-04-25 06:26:53'),('N/A','admin','192.168.0.160','2017-04-25 08:05:27'),('N/A','test','192.168.0.160','2017-04-25 08:28:08'),('N/A','admin','192.168.0.160','2017-04-25 10:29:13'),('N/A','test','192.168.0.160','2017-04-25 10:30:01'),('N/A','manager1','192.168.0.160','2017-04-25 10:30:32'),('N/A','manager1','192.168.0.160','2017-04-26 02:16:38'),('N/A','test','192.168.0.160','2017-04-26 09:30:24'),('N/A','manager1','192.168.0.160','2017-04-27 07:52:24'),('N/A','manager1','192.168.0.160','2017-04-27 08:56:57'),('N/A','test','192.168.0.160','2017-04-27 09:06:21'),('N/A','manager','192.168.0.160','2017-04-27 10:04:55'),('N/A','boss','192.168.0.160','2017-04-27 10:05:26'),('N/A','director1','192.168.0.160','2017-04-27 10:06:14'),('N/A','test','192.168.0.160','2017-04-27 10:37:06'),('N/A','test','192.168.0.160','2017-04-28 09:44:04'),('N/A','test','192.168.2.3','2017-04-28 20:35:42'),('N/A','test','192.168.2.5','2017-04-29 06:45:09'),('N/A','test','192.168.2.5','2017-04-29 08:31:34'),('N/A','test','192.168.2.5','2017-04-29 08:31:38'),('N/A','test','192.168.2.3','2017-04-30 19:44:16'),('N/A','test','192.168.2.5','2017-05-01 18:32:38'),('N/A','test','192.168.0.160','2017-05-02 01:35:56'),('N/A','test','192.168.0.160','2017-05-02 04:37:09'),('N/A','test','192.168.0.160','2017-05-02 06:41:12'),('N/A','manager1','192.168.0.160','2017-05-02 09:23:26'),('N/A','test','192.168.0.160','2017-05-02 09:24:53'),('N/A','manager1','192.168.0.160','2017-05-02 10:20:50'),('N/A','test','192.168.0.160','2017-05-02 10:21:02'),('N/A','director1','192.168.0.160','2017-05-02 10:21:25'),('N/A','test','192.168.2.7','2017-05-02 18:10:03'),('N/A','test','192.168.2.10','2017-05-03 15:59:28'),('N/A','admin','192.168.0.160','2017-05-04 02:30:39'),('N/A','test','192.168.0.160','2017-05-04 02:31:12'),('N/A','test','192.168.0.160','2017-05-04 07:51:03'),('N/A','manager','192.168.0.160','2017-05-04 09:39:17'),('N/A','test','192.168.0.160','2017-05-04 09:42:55'),('N/A','test','192.168.2.11','2017-05-04 16:11:26'),('N/A','manager','192.168.2.11','2017-05-04 17:42:53'),('N/A','test','192.168.2.11','2017-05-04 17:43:15'),('N/A','admin','192.168.2.11','2017-05-04 17:43:32'),('N/A','test','192.168.2.11','2017-05-04 17:43:58'),('N/A','manager','192.168.2.11','2017-05-04 17:44:06'),('N/A','test','192.168.2.11','2017-05-04 17:45:23'),('N/A','test','192.168.0.160','2017-05-05 03:19:19'),('N/A','test','192.168.0.160','2017-05-05 08:19:21'),('N/A','admin','192.168.0.160','2017-05-06 03:15:26'),('N/A','test','192.168.0.160','2017-05-06 03:16:02'),('N/A','test','192.168.2.21','2017-05-07 10:08:39'),('N/A','test','192.168.0.160','2017-05-08 02:10:57'),('N/A','test','192.168.0.160','2017-05-08 05:12:08'),('N/A','test','192.168.0.160','2017-05-08 06:45:22'),('N/A','test','192.168.0.160','2017-05-10 09:08:01'),('N/A','test','192.168.0.160','2017-05-11 02:13:26'),('N/A','director1','192.168.0.160','2017-05-11 02:13:58'),('N/A','test','192.168.0.160','2017-05-11 02:15:01'),('N/A','manager1','192.168.0.160','2017-05-11 02:15:50'),('N/A','test','192.168.0.160','2017-05-11 02:16:10'),('N/A','manager1','192.168.0.160','2017-05-11 02:16:43'),('N/A','test','192.168.0.160','2017-05-11 02:17:00'),('N/A','admin','192.168.0.160','2017-05-11 04:36:13'),('N/A','test','192.168.0.160','2017-05-11 05:11:56'),('N/A','admin','192.168.0.160','2017-05-11 06:23:54'),('N/A','admin','192.168.0.160','2017-05-11 07:46:27'),('N/A','test','192.168.0.160','2017-05-11 09:03:13'),('N/A','test','192.168.0.160','2017-05-12 03:00:51'),('N/A','test','192.168.0.160','2017-05-12 04:47:14'),('N/A','test','192.168.0.160','2017-05-12 06:17:44'),('N/A','test','192.168.0.160','2017-05-12 08:48:20'),('N/A','admin','192.168.0.160','2017-05-12 10:27:06'),('N/A','test','192.168.0.160','2017-05-12 10:28:35'),('N/A','admin','192.168.0.160','2017-05-12 10:35:32'),('N/A','test','192.168.0.160','2017-05-12 10:36:15'),('N/A','test','192.168.2.24','2017-05-13 10:04:24'),('N/A','test','192.168.2.27','2017-05-13 15:48:28'),('N/A','test','192.168.2.29','2017-05-14 10:04:23'),('N/A','test','192.168.2.29','2017-05-14 11:24:04'),('N/A','test','192.168.2.30','2017-05-14 14:21:30'),('N/A','manager','192.168.2.30','2017-05-14 15:52:56'),('N/A','test','192.168.2.30','2017-05-14 16:01:39'),('N/A','manager','192.168.2.30','2017-05-14 16:27:27'),('N/A','test','192.168.2.30','2017-05-14 16:28:55'),('N/A','manager1','192.168.2.30','2017-05-14 16:29:38'),('N/A','test','192.168.2.30','2017-05-14 16:35:15'),('N/A','manager','192.168.2.30','2017-05-14 16:49:03'),('N/A','test','192.168.2.30','2017-05-14 16:49:26'),('N/A','manager','192.168.2.30','2017-05-14 16:54:26'),('N/A','test','192.168.2.30','2017-05-14 16:55:21'),('N/A','manager','192.168.2.30','2017-05-14 17:02:54'),('N/A','test','192.168.2.30','2017-05-14 17:10:18'),('N/A','manager','192.168.2.30','2017-05-14 17:16:10'),('N/A','admin','192.168.2.30','2017-05-14 18:23:13'),('N/A','test','192.168.2.30','2017-05-14 19:40:32'),('N/A','admin','192.168.0.160','2017-05-15 08:08:03'),('N/A','test','192.168.0.160','2017-05-15 08:10:29'),('N/A','admin','192.168.0.160','2017-05-15 10:36:17'),('N/A','admin','192.168.0.160','2017-05-15 10:36:20'),('N/A','test','192.168.2.33','2017-05-15 17:40:53'),('N/A','admin','192.168.2.33','2017-05-15 17:41:14'),('N/A','admin','192.168.0.160','2017-05-16 02:05:59'),('N/A','test','192.168.0.160','2017-05-16 03:50:17'),('N/A','admin','192.168.0.160','2017-05-16 03:50:24'),('N/A','admin','192.168.0.160','2017-05-16 04:58:36'),('N/A','test','192.168.0.160','2017-05-16 04:58:59'),('N/A','admin','192.168.0.160','2017-05-16 04:59:45'),('N/A','test','192.168.0.160','2017-05-16 05:00:06'),('N/A','test','192.168.0.160','2017-05-16 08:12:31'),('N/A','test','192.168.0.160','2017-05-16 10:10:46'),('N/A','test','192.168.0.160','2017-05-17 01:46:01'),('N/A','test','192.168.0.160','2017-05-17 04:24:50'),('N/A','manager1','192.168.0.160','2017-05-17 04:25:19'),('N/A','test','192.168.0.160','2017-05-17 04:25:39'),('N/A','manager1','192.168.0.160','2017-05-17 04:29:48'),('N/A','test','192.168.0.160','2017-05-17 04:30:17'),('N/A','test','192.168.0.160','2017-05-17 10:06:29'),('N/A','test','192.168.0.160','2017-05-18 04:37:50'),('N/A','admin','192.168.0.160','2017-05-18 04:42:52'),('N/A','test','192.168.0.160','2017-05-18 04:43:28'),('N/A','manager','192.168.0.160','2017-05-18 05:05:53'),('N/A','test','192.168.0.160','2017-05-18 05:06:14'),('N/A','test','192.168.0.160','2017-05-18 09:29:44'),('N/A','test','192.168.2.36','2017-05-18 18:54:44'),('N/A','manager','192.168.2.36','2017-05-18 18:56:28'),('N/A','test','192.168.2.36','2017-05-18 18:57:02'),('N/A','test','192.168.0.160','2017-05-19 01:40:46'),('N/A','test','192.168.0.160','2017-05-19 01:40:50'),('N/A','manager','192.168.0.160','2017-05-19 01:44:48'),('N/A','director1','192.168.0.160','2017-05-19 01:45:01'),('N/A','admin','192.168.0.160','2017-05-19 04:38:27'),('N/A','admin','192.168.0.160','2017-05-19 04:39:30'),('N/A','test','192.168.0.160','2017-05-19 04:39:40'),('N/A','admin','192.168.0.160','2017-05-19 09:46:47'),('N/A','test','192.168.0.160','2017-05-19 09:48:54'),('N/A','test','192.168.0.160','2017-05-22 01:37:58'),('N/A','admin','192.168.0.160','2017-05-22 01:38:31'),('N/A','test','192.168.0.160','2017-05-22 01:39:15'),('N/A','test','192.168.0.160','2017-05-22 04:22:30'),('N/A','test','192.168.0.160','2017-05-22 08:19:18'),('N/A','test','192.168.0.160','2017-05-25 10:43:08'),('N/A','admin','192.168.0.160','2017-05-25 10:43:20'),('N/A','test','192.168.0.160','2017-05-25 10:43:41'),('N/A','test','192.168.0.160','2017-05-26 02:42:54'),('N/A','admin','192.168.0.160','2017-05-26 02:51:51'),('N/A','test','192.168.0.160','2017-05-26 02:55:48'),('N/A','admin','192.168.0.160','2017-05-26 03:42:30'),('N/A','test','192.168.0.160','2017-05-26 03:43:17'),('N/A','test','192.168.0.160','2017-05-26 06:28:06'),('N/A','test','192.168.0.160','2017-05-26 08:18:40'),('N/A','admin','192.168.0.160','2017-05-26 09:03:52'),('N/A','test','192.168.0.160','2017-05-26 09:04:13'),('N/A','admin','192.168.0.160','2017-05-29 01:58:00'),('N/A','test','192.168.0.160','2017-05-29 01:59:18'),('N/A','test','192.168.0.160','2017-05-29 04:40:24'),('N/A','admin','192.168.0.160','2017-05-29 06:19:18'),('N/A','test','192.168.0.160','2017-05-29 06:20:37'),('N/A','manager','192.168.0.160','2017-05-29 07:41:19'),('N/A','test','192.168.0.160','2017-05-29 07:42:46'),('N/A','test','192.168.0.160','2017-05-29 08:49:07'),('N/A','admin','192.168.0.160','2017-05-29 08:50:26'),('N/A','test','192.168.0.160','2017-05-29 08:53:25'),('N/A','admin','192.168.0.160','2017-05-29 08:53:38'),('N/A','test','192.168.0.160','2017-05-29 08:54:04'),('N/A','admin','192.168.0.160','2017-05-29 10:01:32'),('N/A','test','192.168.0.160','2017-05-29 10:02:18'),('N/A','admin','192.168.0.160','2017-05-29 11:06:51'),('N/A','admin','192.168.0.160','2017-05-29 11:09:44'),('N/A','test','192.168.0.160','2017-05-29 11:14:22'),('N/A','test','192.168.2.64','2017-05-29 18:21:11'),('N/A','test','192.168.0.160','2017-06-01 04:45:38');
/*!40000 ALTER TABLE `sec_login_log` ENABLE KEYS */;
UNLOCK TABLES;

--
-- Table structure for table `sec_station`
--

DROP TABLE IF EXISTS `sec_station`;
/*!40101 SET @saved_cs_client     = @@character_set_client */;
/*!40101 SET character_set_client = utf8 */;
CREATE TABLE `sec_station` (
  `station_id` varchar(30) NOT NULL,
  `station_name` varchar(30) NOT NULL,
  `city` char(5) NOT NULL,
  `status` char(1) DEFAULT 'Y',
  `lcu` varchar(30) DEFAULT NULL,
  `luu` varchar(30) DEFAULT NULL,
  `lcd` timestamp NULL DEFAULT CURRENT_TIMESTAMP,
  `lud` timestamp NULL DEFAULT CURRENT_TIMESTAMP ON UPDATE CURRENT_TIMESTAMP,
  PRIMARY KEY (`station_id`)
) ENGINE=InnoDB DEFAULT CHARSET=utf8;
/*!40101 SET character_set_client = @saved_cs_client */;

--
-- Dumping data for table `sec_station`
--

LOCK TABLES `sec_station` WRITE;
/*!40000 ALTER TABLE `sec_station` DISABLE KEYS */;
/*!40000 ALTER TABLE `sec_station` ENABLE KEYS */;
UNLOCK TABLES;

--
-- Table structure for table `sec_station_request`
--

DROP TABLE IF EXISTS `sec_station_request`;
/*!40101 SET @saved_cs_client     = @@character_set_client */;
/*!40101 SET character_set_client = utf8 */;
CREATE TABLE `sec_station_request` (
  `req_key` varchar(50) NOT NULL,
  `email` varchar(100) NOT NULL,
  `station_name` varchar(30) NOT NULL,
  `city` char(5) NOT NULL,
  `station_id` varchar(30) DEFAULT NULL,
  `lcu` varchar(30) DEFAULT NULL,
  `luu` varchar(30) DEFAULT NULL,
  `lcd` timestamp NULL DEFAULT CURRENT_TIMESTAMP,
  `lud` timestamp NULL DEFAULT CURRENT_TIMESTAMP ON UPDATE CURRENT_TIMESTAMP,
  PRIMARY KEY (`req_key`)
) ENGINE=InnoDB DEFAULT CHARSET=utf8;
/*!40101 SET character_set_client = @saved_cs_client */;

--
-- Dumping data for table `sec_station_request`
--

LOCK TABLES `sec_station_request` WRITE;
/*!40000 ALTER TABLE `sec_station_request` DISABLE KEYS */;
/*!40000 ALTER TABLE `sec_station_request` ENABLE KEYS */;
UNLOCK TABLES;

--
-- Table structure for table `sec_template`
--

DROP TABLE IF EXISTS `sec_template`;
/*!40101 SET @saved_cs_client     = @@character_set_client */;
/*!40101 SET character_set_client = utf8 */;
CREATE TABLE `sec_template` (
  `temp_id` int(10) unsigned NOT NULL AUTO_INCREMENT,
  `system_id` varchar(15) NOT NULL,
  `temp_name` varchar(255) NOT NULL,
  `a_read_only` varchar(255) DEFAULT '',
  `a_read_write` varchar(255) DEFAULT '',
  `a_control` varchar(255) DEFAULT '',
  `lcu` varchar(30) DEFAULT NULL,
  `luu` varchar(30) DEFAULT NULL,
  `lcd` timestamp NULL DEFAULT CURRENT_TIMESTAMP,
  `lud` timestamp NULL DEFAULT CURRENT_TIMESTAMP ON UPDATE CURRENT_TIMESTAMP,
  PRIMARY KEY (`temp_id`),
  KEY `idx_sec_template_01` (`system_id`)
) ENGINE=InnoDB AUTO_INCREMENT=4 DEFAULT CHARSET=utf8;
/*!40101 SET character_set_client = @saved_cs_client */;

--
-- Dumping data for table `sec_template`
--

LOCK TABLES `sec_template` WRITE;
/*!40000 ALTER TABLE `sec_template` DISABLE KEYS */;
INSERT INTO `sec_template` VALUES (1,'drs','Test Template','','A07A01A02B01B02B12','','admin','admin','2017-02-23 03:09:46','2017-03-11 19:19:40'),(2,'acct','Test Account Template','','XA04XA05XA06XA07XE01XE03XE02XB01XC01XC03XC02XC04XD01XD02','','admin','admin','2017-02-24 04:30:18','2017-04-07 02:10:27'),(3,'acct','Test Template for Control','','XA04XA05XA06XA07XE01XE02XE04XB01XC01XC03XC02XC04XD01XD02','CN01CN02','admin','admin','2017-04-25 04:37:13','2017-04-25 04:37:13');
/*!40000 ALTER TABLE `sec_template` ENABLE KEYS */;
UNLOCK TABLES;

--
-- Table structure for table `sec_user`
--

DROP TABLE IF EXISTS `sec_user`;
/*!40101 SET @saved_cs_client     = @@character_set_client */;
/*!40101 SET character_set_client = utf8 */;
CREATE TABLE `sec_user` (
  `username` varchar(30) NOT NULL,
  `password` varchar(128) DEFAULT NULL,
  `disp_name` varchar(100) DEFAULT NULL,
  `email` varchar(100) DEFAULT NULL,
  `logon_time` datetime DEFAULT NULL,
  `logoff_time` datetime DEFAULT NULL,
  `status` char(1) DEFAULT NULL,
  `fail_count` tinyint(3) unsigned DEFAULT '0',
  `locked` char(1) DEFAULT 'N',
  `session_key` varchar(500) DEFAULT NULL,
  `city` char(5) NOT NULL DEFAULT '',
  `lcu` varchar(30) DEFAULT NULL,
  `luu` varchar(30) DEFAULT NULL,
  `lcd` timestamp NULL DEFAULT CURRENT_TIMESTAMP,
  `lud` timestamp NULL DEFAULT CURRENT_TIMESTAMP ON UPDATE CURRENT_TIMESTAMP,
  PRIMARY KEY (`username`)
) ENGINE=InnoDB DEFAULT CHARSET=utf8;
/*!40101 SET character_set_client = @saved_cs_client */;

--
-- Dumping data for table `sec_user`
--

LOCK TABLES `sec_user` WRITE;
/*!40000 ALTER TABLE `sec_user` DISABLE KEYS */;
INSERT INTO `sec_user` VALUES ('admin','319153b210a3f6efde35e1486638f2cd','Administrator',NULL,'2017-05-29 19:09:44','2017-05-29 19:14:18','A',0,'N','','HK','admin','admin','2017-02-15 04:27:28','2017-05-29 11:14:18'),('boss','319153b210a3f6efde35e1486638f2cd','Boss','boss@lbsgroup.com.hk','2017-04-27 18:05:26','2017-04-27 18:06:07','A',0,'N','','CN','admin','admin','2017-03-31 02:43:50','2017-04-27 10:06:07'),('director','319153b210a3f6efde35e1486638f2cd','Director','director@lbsgroup.com.hk','2017-04-09 12:27:30','2017-04-09 12:27:44','A',0,'N','','CE','admin','admin','2017-03-31 02:43:13','2017-04-09 04:27:44'),('director1','319153b210a3f6efde35e1486638f2cd','Director 1','director1@lbsgroup.com.hk','2017-05-19 09:45:00','2017-05-19 10:47:54','A',0,'N','','CE','admin','admin','2017-04-07 02:11:03','2017-05-19 02:47:54'),('manager','319153b210a3f6efde35e1486638f2cd','Manager','manager@lbsgroup.com.hk','2017-05-29 15:41:19','2017-05-29 15:42:13','A',0,'N','','SH','admin','admin','2017-03-31 02:33:26','2017-05-29 07:42:13'),('manager1','319153b210a3f6efde35e1486638f2cd','Manager 1','manager1@lbsgroup.com.hk','2017-05-17 12:29:48','2017-05-17 12:30:12','A',0,'N','','SH','admin','admin','2017-04-07 02:09:52','2017-05-17 04:30:12'),('test','319153b210a3f6efde35e1486638f2cd','Test User','test@lbsgroup.com.cn','2017-06-01 12:45:38','2017-06-01 14:06:44','A',0,'N','','SH','admin','admin','2017-02-21 16:35:16','2017-06-01 06:06:44');
/*!40000 ALTER TABLE `sec_user` ENABLE KEYS */;
UNLOCK TABLES;

--
-- Table structure for table `sec_user_access`
--

DROP TABLE IF EXISTS `sec_user_access`;
/*!40101 SET @saved_cs_client     = @@character_set_client */;
/*!40101 SET character_set_client = utf8 */;
CREATE TABLE `sec_user_access` (
  `username` varchar(30) NOT NULL,
  `system_id` varchar(15) NOT NULL,
  `a_read_only` varchar(255) DEFAULT '',
  `a_read_write` varchar(255) DEFAULT '',
  `a_control` varchar(255) DEFAULT '',
  `lcu` varchar(30) DEFAULT NULL,
  `luu` varchar(30) DEFAULT NULL,
  `lcd` timestamp NULL DEFAULT CURRENT_TIMESTAMP,
  `lud` timestamp NULL DEFAULT CURRENT_TIMESTAMP ON UPDATE CURRENT_TIMESTAMP,
  UNIQUE KEY `idx_sec_user_access_01` (`username`,`system_id`)
) ENGINE=InnoDB DEFAULT CHARSET=utf8;
/*!40101 SET character_set_client = @saved_cs_client */;

--
-- Dumping data for table `sec_user_access`
--

LOCK TABLES `sec_user_access` WRITE;
/*!40000 ALTER TABLE `sec_user_access` DISABLE KEYS */;
INSERT INTO `sec_user_access` VALUES ('admin','acct','','XB01XC01XD01XD02','','admin','admin','2017-02-15 04:28:30','2017-02-27 02:10:17'),('admin','drs','','C01C02C05C06C07D01D02D03D04D05','','admin','admin','2017-02-15 04:28:30','2017-02-15 04:28:30'),('boss','acct','','XA04XA05XA06XA07XE01XE02XB01XC01XC03XC02XC04XD01XD02','','admin','admin','2017-03-31 02:43:50','2017-05-12 10:35:59'),('boss','drs','','','','admin','admin','2017-03-31 02:43:50','2017-03-31 02:43:50'),('director','acct','','XA04XA05XA06XA07XE01XE02XB01XC01XC03XC02XC04XD01XD02','','admin','admin','2017-03-31 02:43:13','2017-05-19 09:48:40'),('director','drs','','','','admin','admin','2017-03-31 02:43:13','2017-03-31 02:43:13'),('director1','acct','','XA04XA05XA06XA07XE01XE02XB01XC01XC03XC02XC04XD01XD02','','admin','admin','2017-04-07 02:11:03','2017-05-12 10:28:21'),('director1','drs','','','','admin','admin','2017-04-07 02:11:03','2017-04-07 02:11:03'),('manager','acct','','XA04XA05XA07XB01XC01XC03XC02','CN01','admin','admin','2017-03-31 02:33:26','2017-05-18 04:43:20'),('manager','drs','','','','admin','admin','2017-03-31 02:33:26','2017-03-31 02:33:26'),('manager1','acct','','XA04XA05XA06XA07XE01XE02XE04XB01XC01XC03XC05XC02XC04XD01XD02','','admin','admin','2017-04-07 02:09:52','2017-05-15 17:41:36'),('manager1','drs','','','','admin','admin','2017-04-07 02:09:52','2017-04-07 02:09:52'),('test','acct','','XA04XA05XA06XA07XE01XE02XE04XB02XB01XC01XC03XC06XC05XC02XC04','CN02CN03','admin','admin','2017-02-21 16:35:16','2017-05-29 11:14:15'),('test','drs','','A07A01A02A03A04A10A05A06A08A09B01B02B15B03B04B05B10B06B07B08B09B11B13B16B17B14B12','','admin','admin','2017-02-21 16:35:16','2017-04-10 02:52:09'),('test','ops','','YA01YB02YB01','','admin','admin','2017-05-22 01:39:03','2017-05-29 10:01:52');
/*!40000 ALTER TABLE `sec_user_access` ENABLE KEYS */;
UNLOCK TABLES;

--
-- Table structure for table `sec_user_info`
--

DROP TABLE IF EXISTS `sec_user_info`;
/*!40101 SET @saved_cs_client     = @@character_set_client */;
/*!40101 SET character_set_client = utf8 */;
CREATE TABLE `sec_user_info` (
  `username` varchar(30) NOT NULL,
  `field_id` varchar(30) NOT NULL,
  `field_value` varchar(2000) DEFAULT NULL,
  `field_blob` longblob,
  `lcu` varchar(30) DEFAULT NULL,
  `luu` varchar(30) DEFAULT NULL,
  `lcd` timestamp NULL DEFAULT CURRENT_TIMESTAMP,
  `lud` timestamp NULL DEFAULT CURRENT_TIMESTAMP ON UPDATE CURRENT_TIMESTAMP,
  UNIQUE KEY `user_info` (`username`,`field_id`)
) ENGINE=InnoDB DEFAULT CHARSET=utf8;
/*!40101 SET character_set_client = @saved_cs_client */;

--
-- Dumping data for table `sec_user_info`
--

LOCK TABLES `sec_user_info` WRITE;
/*!40000 ALTER TABLE `sec_user_info` DISABLE KEYS */;
INSERT INTO `sec_user_info` VALUES ('boss','signature','','/9j/4AAQSkZJRgABAQEAlgCWAAD/2wBDAAMCAgMCAgMDAwMEAwMEBQgFBQQEBQoHBwYIDAoMDAsKCwsNDhIQDQ4RDgsLEBYQERMUFRUVDA8XGBYUGBIUFRT/2wBDAQMEBAUEBQkFBQkUDQsNFBQUFBQUFBQUFBQUFBQUFBQUFBQUFBQUFBQUFBQUFBQUFBQUFBQUFBQUFBQUFBQUFBT/wAARCAHjAngDASIAAhEBAxEB/8QAHwAAAQUBAQEBAQEAAAAAAAAAAAECAwQFBgcICQoL/8QAtRAAAgEDAwIEAwUFBAQAAAF9AQIDAAQRBRIhMUEGE1FhByJxFDKBkaEII0KxwRVS0fAkM2JyggkKFhcYGRolJicoKSo0NTY3ODk6Q0RFRkdISUpTVFVWV1hZWmNkZWZnaGlqc3R1dnd4eXqDhIWGh4iJipKTlJWWl5iZmqKjpKWmp6ipqrKztLW2t7i5usLDxMXGx8jJytLT1NXW19jZ2uHi4+Tl5ufo6erx8vP09fb3+Pn6/8QAHwEAAwEBAQEBAQEBAQAAAAAAAAECAwQFBgcICQoL/8QAtREAAgECBAQDBAcFBAQAAQJ3AAECAxEEBSExBhJBUQdhcRMiMoEIFEKRobHBCSMzUvAVYnLRChYkNOEl8RcYGRomJygpKjU2Nzg5OkNERUZHSElKU1RVVldYWVpjZGVmZ2hpanN0dXZ3eHl6goOEhYaHiImKkpOUlZaXmJmaoqOkpaanqKmqsrO0tba3uLm6wsPExcbHyMnK0tPU1dbX2Nna4uPk5ebn6Onq8vP09fb3+Pn6/9oADAMBAAIRAxEAPwD9U6KKKACiiigAooooAKKKKACiiigAooooAKKKKACiiigAooooAKKKKACiiigAooooAKKKKACiiigAooooAKKKKACiiigAooooAKKKKACiiigAooooAKKKKACiiigAooooAKKKKACiiigAooooAKKKKACiiigAooooAKKKKACiiigAooooAKKKKACiiigAooooAKKKKACiiigAooooAKKKKACiiigAooooAKKKKACiiigAooooAKKKKACiiigAooooAKKKKACiiigAooooAKKKKACiiigAooooAKKKKACiiigAooooAKKKKACiiigAooooAKKKKACiiigAooooAKKKKACiiigAooooAKKKKACiiigAooooAKKKKACiiigAooooAKKKKACiiigAooooAKKKKACiiigAooooAKKKKACiiigAooooAKKKKACiiigAooooAKKKKACiiigAooooAKKKKACiiigAooooAKKKKACiiigAooooAKKKKACiiigAooooAKKKKACiiigAooooAKKKKACiiigAooooAKKKKACiiigAooooAKKKKACiiigAooooAKKKKACiiigAooooAKKKKACiiigAooooAKKKKACiiigAooooAKKKKACiiigAooooAKKKKACiiigAooooAKKKKACiiigAooooAKKKKACiiigAooooAKKKKACiiigAooooAKKKKACiiigAooooAKKKq6hqlnpUccl7dwWcckiwo9xIqBpGOFQEnlieAOpoAtUUUUAFFFFABRRRQBX1C8Gn2FzdGKacQRNKYrdC8j7QTtVR1Y4wB3NSxSebGj7WXcAdrDBGexHrT6KACiiigAooooAKKKKACiiigAooooAKKKKACiiigAooooAKKKKACiiigAooooAKKKKACiiigAooooAKKKKACiiigAooooAKKKKACiiigAooooAKKKKACiiigAooooAKKKKACiiigAooooAKKKKACiiigAooooAKKKKACiiigAooooAKKKKACiiigAooooAK8u+P37O/gr9onw/peneNo7w2mj3yapazWd69s0MqD7xIOCNuRyDgE4wea9RpGUMpVgCpGCD0NADLeWKa3ikgdZYXUMkiNuDKRwQe4x3qSmqqxqqqoVVGAoGAB6U6gAooooAKKKKACiiigAooooAKKKKACiiigAooooAKKKKACiiigAooooAKKKKACiiigAooooAKKKKACiiigAooooAKKKKACiiigAooooAKKKKACiiigAooooAKKKKACiiigAooooAKKKKACiiigAooooAKKKKACiiigAoorN0vWJdSvNTt5NLvbBbKcQpPdLGI7sFFbzItrsSmWK/MFOVPGMEgGlRRRQAUUUUAFFFFABRRRQAUUUUAFFFFABRRRQAUUUUAFFFFABRRRQAUUUUAFFFFABRRRQAUUUUAFFFFABRRRQAUUUUAFFFFABRRRQAUUUUAFFFFABRRRQAUUUUAFFFFABRRRQAUUUUAFFFFABRRRQAUUUUAFFFFABRRRQAUUUUAFFFFABRRRQAUUUUAFFFFABRRRQAUUUUAFFFFABRRRQAUUUUAFFFFABRRRQAUUUUAFFFFABRRRQAUUUUAFFFFABRRRQAUUUUAFFFFABRRRQAUUUUAFFFFABRRRQAUUUUAFFFFABRRRQAUUUUAFFFFABRRRQAUUUUAFFFFABRRRQAUUUUAFFFFABRRRQAUUUUAFFFFABRRRQAUUUUAFFFFABRRRQAUUUUAFFFFABRRRQAUUUUAFFFFABRRRQAUUUUAFFFFABRRRQB8v/t1ftc63+yp4f8AB0nhnwxB4t1zxBqTWy6fM0mfJRAWKLGNxYs8ajqBnocivH/2hf8AgrBpPwftfA7+HvClr4sudd0n7fqNlJqrWtxpEwfY1tMnksRIrrIpDbSCnTBBr7r8UeKNI8FeH77Xdf1G20jR7CIzXV9dyBIoUHVmY9BX5J/tnfso/E66+KHxV+LfgjwTovjvwR4sgFrH9mddWvIldYd97bxp8yOJYThkLFVYggqWoA+o/Bv/AAV4+Bmu+AX1zXJ9V8N61C6xy+HmtHuZ2JJw0UiDY64GSSVI6EcjPsvwY/bk+Cvx6vZ7Hwr40tv7RhWJns9UjexlYyEhVQTBRI24YIQtgkeoz+bnwO/4JB6/8Xvgho/jPUfGUng7xDqkEk8WgaloxIjUSMsRkk80ModAr/cyA3Q15f4w/wCCX3xr+Hvgu98R6tBpUVxDqcWmWGkWd09xe6jJJKscTwiNCiqxbOZGQgKSwFAH72UV+Lfgn/gon8fP2Odd1X4dfFPRj4t1KwuYTJFr92Td20WxfljnQsHV02srHcOc85NfbX7PP/BUr4SfGbTdUfxLfW/w01Ozuljis9bvFK3ULsFjkjkCgE5Pzrj5euSuSAD7KopsciTRrJGyvGwDKynIIPQg06gAooooAKKKKACiiigAooooAKKKKACiiigAooooAKKKKACiiigAooooAKKKKACiiigAooooAKKKKACiiigAooooAKKKKACiiigAooooAKKKKACiiigAooooAKKKKACiiigAooooAKKKKACiiigAooooAKKKKACiiigAooooAKKKKACiiigAooooAKKKKACiiigDnfiJ4B0X4p+Bdc8I+IrZrvRNZtHs7uFXKMUYYyrDkMOCD2IFefeFf2eh8GPguvgT4Sa7c+FfsYuJtPm1JRqMYmkLOBIJAT5e85ITaeT3Jz7HRQB558CbH4m6d4Cjg+LWo6Fqvi1bmXN14djdLZ4CQY8h1X5hyDgY4HvXodFFAHzv8fP2C/hH+0d440vxb4s0i5TW7R4zcTadceR/aEaY2xXHB3LhQuRtYDgMK/Ob9qr/AIJL+Nfh7quv+JPhpLB4i8EW9tJqBtLq4WO/tURd0iYwFlxhiu3BIGMZxn9oaKAPwA+Gv7VXxr/Yl8ZWGhm+1pLWKO2udU8J+JlDQSKy7lEOSzRK0TJh0Kk8ZBCgV+2v7Pn7QXhH9pb4cWfjLwfdSS2UrmG4tbhQtxaTLjdFKoJwRkEEEgggg4NfNn/BQD/gn/pn7RNrf+PNA1BNC8ZWVgBdBrM3CahDAGZFAQGRZACVBQHcNqkHAI/PT9mv4xfH39k/4D+IPH/g220g/D+48RLpWow6rCkk0V+iITlMrIoKFUPJAz0B5oA/eiivGP2Sf2ldN/ar+Ddh42sbD+x7pppLS+0w3CzG2nQ8jcMHawIYZAOG6d69noAKKKKACiiigAooooAKKKKACiiigAooooAKKKKACiiigAooooAKKKKACiiigAooooAKKKKACiiigAooooAKKKKACiiigAooooAKKKKACiiigAooooAKKKKACiiigAooooAKKKKACiiigAooooAKKKKACiiigAooooAKKKKACiiigAooooAKKKKACiiigAooooAKKKKACiiigArzP4xfCHwb4w+G+v6fq3geDxLYmZtcl0OyRYW1K9jXcpbBVZJHKqvz5B4z0r0yigD+e3X/ABt4l/ZY8VaX4u+HPiS4+HnijXLm9n1X4f2ryv8A2BHHcFILW7WYfvdwDOqyKSE2nncDX7GfsYftheHP2uPh22oWIOneKdKWOHWtIlILQyMDtlQgYaN9rEHsQQemT5/+2R+w14e+JmoXXxd8OaLFqHxO0ea21b+z7xGuLXXY7RDiwkhJC/vQqLuIJyqjoTX5aaP+2K3w1/a+vfjD4B8H2XhfSGc26+EYWNvam28hYTHIIgBnKiTpgSAHBxigD+g1rhEmjiJIkkBKjB7Yzz+IqSsXwb4w0jx/4V0rxFoV9DqOk6lbR3VtcQtlWR1DL9Dgjg8itqgAooooAKKKKACiiigAooooAKKKKACiiigAooooAKKKbJIsUbO7BEUZZmOAB6mgB1FfGn7RP/BU74Q/BKW/0jRLmT4geJ4EYLbaM6mzSUPtMctzkgEYJ+QP0xxmvhzxt+2v+0x+3Nqw8JfDHQrzw/pzwsZrDwxIySSBdrM0165XaBxgAoPmAO4kZAP2uor5D/YP/ZF8dfAG21DxH8S/H+reKPFWpQC2XSv7VnubCxiJVjkSHEk25cbsYUZC53En68oAKKKKACiiigAooooAKKKKACiiigAooooAKKKKACiiigAooooAKKKKACiiigAooooAKKKKACiiigAooooAKKKKACiiigAooooAKKKKACiiigAooooAKKKKACiiigAooooAKKKKACiiigAooooAKKKKACvyZ/4KmfsGnSLi5+MXw50WKHSym7xFo+m2xHlPl3e/ABwFI2hwFABG85yxH6zVU1bSbLXtKvNM1K0hvtOvYXt7m1uEDxzROpV0ZTwVIJBB6g0Afg3/AME3P2sk/Zq+NcVn4hvrpPAviRV0++jNwEtrKZpE8u9dW4wnzKxyMI7HnaBX702d5b6hZwXVrPHc2s6LLFPC4dJEYZVlYcEEEEEdc1+CP/BRT9jmP9lP4pW03h1LyfwJ4gR7rT5ZoyVs5d7b7PzMndsXYVLclWGclST9Zf8ABHn9qrUvEEF78FvEd9byQaXaG78OtKcXDJ5jNPb5/jC7w691UMOVA2gH6hUVn6/4g0zwrot7rGs6hbaVpVlE09ze3kqxQwxqMlmZiAAPU1+ZX7Tn/BZCPR9Q1Tw58HNGt9RaFzCvizUyWgfjl4LfALc5wznHH3SKAP0+vL+206Hzbu4itYs7fMmcIufTJryPxh+2L8EPAaTnWfil4YheEKzw22oJdSgM20fu4izHkc4HHU4Ffz7+PPij8Rf2gPFD3vibXNa8Y6xcMNsTs8uOcKscKjagy2AqKB83Tmu+8L/sGftAeMLEXen/AAs1xIWTzFF+iWbuuAcqkzIzDDDkDqcdaAP3I8B/tk/BD4lSmHw/8TvDtzcbtot7m7FpKxyo4SbYx5YAYHJNewwzx3UKSwyLLE43LIjBlYeoI61/OD4o/Yx+OXg2+Fpqnws8TLMbZ7vNpYNdJ5SffbfFuXjjIznkcc1h+F/jR8WvgZdz6Toni/xV4MmhJSbTI7ye2EZO0kNCSAD8q9RnigD+l6ivyp/Y9/4K8TS3tr4X+OkkKW3lCODxfa2zB/MzwLqKMYwQQN8ajBHKnJYfpz4J8caB8SPCuneJPDGrW2t6FqEfm219aPujkXOD9CCCCDgggggEUAbtFFFABRRRQAUUVyvxO+KPhb4N+DL/AMVeMdZt9D0OyXMlzcNjc38KIvV3bGAqgknoKANjxF4k0vwjot5q+tahbaVpdnE01xd3cojjjRQSWLHgYANfh7+25/wUk8WftG3mreE/Cc0vhv4YmQItui7LvUlU8PcPnIUnkRLgdN24iuH/AG3f24PEf7XXi5YVSTRvAelzu2k6Nu+ZsgL59xg4aUgcDogYqM5Zm+wf+Ccf/BNu0/snSfip8WNJuU1MXUV9oOgXBURiJVJWa6iZSSWYqyoSMbAWB3YAB49+wb/wTL1D45SS+LPinZat4c8FRopsbHY1tdaqzKGDqzLlYQCPmAyxOARgmv2I+Hfw58OfCfwdpvhXwnpUOi6Dp6eXb2kGSF5ySSSSzE5JYkknrXSUUAFFFFABRRRQAUUUUAFFFFABRRRQAUUUUAFFFFABRRRQAUUUUAFFFFABRRRQAUUUUAFFFFABRRRQAUUUUAFFFFABRRRQAUUUUAFFFFABRRRQAUUUUAFFFFABRRRQAUUUUAFFFFABRRRQAUUUUAFFFFABRRRQAUUUUAeFftrfs9QftMfs8+I/CYRjrMCf2nozLjIvoVYxLzxhwzREnoJCeor+fj4b+Pte+C3xM0PxXozPZa94fv1uUSTcnzI2HikAIO1huRlyMqzDvX9NHijxPpXgvw7qOu65fQ6ZpGnwPc3V3cMFSKNQSzE/QV/Pd8SreX9sD9o34h+Jfh34O+waZP8AaNWOmWMsKS+Ui4a5ZJGXLO+JZAmSu9zg4zQBp/tOft3fFT9rdoNF1SSPSfDm5TH4b0NXEM8gxhpMktKdwyAxwvYZ5r339jH/AIJQ618TktPFnxfjvPDfhSeBLiy0e2lWO+vNxyPNyCYE29iN53fw4zXMf8Eg7XQbH9r68tdYC3GsxaNeRaU8IWeDz1ZPMcSAnB8oSBWHBDNzyM/t5QBxnwx+Dfgj4MaDBo3gnwxpvh2xiTZizgCySe8kh+eRuOWYkn1rrzbxG4WcxIZ1UoJdo3BSQSM9cEgcewqSigArz74qfAD4d/GvTLyz8aeD9I103MBtjeXFon2uNO3lz48xCDyCrDBr0GigD8Ef23/+CeviL9ksnxJY6kniL4fXd4lpa3zDbd28jq7LHOgGOAhHmKcE44UnFZX7CP7bOs/so/EKCDU7q81D4cai5TVNHjYuIWbb/pUKEgCVdoB/vLkHnaR+9XjHwdovxA8L6n4c8R6bb6vompQNb3dldJuSVD2PoQcEEcggEYIFfgp+3d+xBqX7H/jDT5LO+k1zwRrRf+zNSmUCaORAC8EwAwHGQQw4Yc4BDAAH74+F/Eum+MvDela/o10l9pOqWsd5aXMf3ZYpFDIw+oIrTr8ev+CVX7cafD/Vrf4OeOtQEfhzUp/+JBqNzIFSwuGyWt3ZjxHI2Nv91zjo+V/YWgAooooAK/D3/gqp+1ZqPxg+M978O9LvceCfCFz5Pkx423WoKpWaZj3CbmjUdBhj/FX6Hf8ABTj486h8Cv2X9Sk0LUp9K8SeIbqLR7C6tgRJEGy8zKwPyHykcBhyCwxzyPxw/ZL/AGe9X/ad+OWh+EbFf9CMgvNWvJM7YLNGBlYnB+Zh8i+rOvbJoA+jv+CUP7L/AIQ+OnxB1zxL4uktdRh8KvbXNnoouGWZrjzA6TSRgYeEbCpBPJ4Ix1/bWsbw74N0DwfbJb6Fomn6PAkSwrHY2qQgRqMKvygcAdBWuZEWQIWUORkLnk0AOooooAKKKKACiiigAooooAKKKKACiiigAooooAKKKKACiiigAooooAKKKKACiiigAooooAKKKKACiiigAooooAKKKKACiiigAooooAKKKKACiiigAooooAKKKKACiiigAooooAKKKKACiiigAooooAKKKKACiiigAoorlPit8RtN+EXw18S+NNYDvpuhWE1/NHFjfIEUkIueNzHCjPGSKAPza/4LM/tJNDHo3wV0sQssqxa1rM2CXXBYQQjsM4Mh78J0BOfKf2Af+CeunftHfBXx34z8T/upL6CfSvCjGaSNYLxFybt9n3kV9iBTnOJeM7TXylPdeMv2wP2iEM9z9u8W+MtWWJHupfki3kKi5OMJGgAAH8KAAV/Q/wDBf4bW/wAHvhP4T8FWptpI9D02Gyaa0t/s8c0iKA8ojydpd9znJJyxySeaAP53dc8O/EL9j/45Q2upwz+HPGfhu7hul8icFXAKyIyuhw8brj2IJBHUV/RX8L/id4d+L3gnS/FHhfVrXWNLvoElWa1fOxmUMUZT8yMM8qwBHcV8Of8ABWz9mPwl4u8Ap8X7vW08M67oUK2E8jW0k66lGxbyINqfdfzXwHPAVm3dBjxn/gih8XbfSvGnjj4bXEEhm1e2j1m1uPMGxTB+7kQqT95hKhBA6Ic9BQB+ulFFFABRRRQAV5h+0d+z/wCG/wBpj4U6r4I8Sx7IrgebZ3yoGlsbpQRHPHnuMkEd1Zl6GvSby6Sxs57mQSNHDG0jCKNpHIAydqqCWPHQAk9qdbzC5t4plV1WRQ4WRCjDIzgqeQfY0AfzBfE74c658I/H+u+DvEdqbPWtHumtbiPsSOQynurKQwPcMDX72/sB/tPQ/tOfATS9SvZrdPFujgadrNpHMGfzEGEnKn5gJVAbnjdvAJ218of8Fjf2WzqWmWPxv0G3zNYrFpviGNABmEttguT6kMyxHqcNH2U18Yf8E9f2ij+zj+0loeo3bD/hHtdK6Jq3mSbEihlkTbOe37twrEn+HeO9AH9CVFIrBlBByDyCK8k/a0+Kd58Ff2b/AIgeNNNx/aWmaYxtGKbgs8jLFExGRwHkUnnoPwoA/Jn/AIK0ftHp8XvjxH4K0i5Wbw74JD2heMgrNfPg3DZ9F2pH9Uf1r6a/4Ir/AAr1rwv4F8e+MNY0KbTrXXprOHS726iMbXUMaymRkBHMe6RMMOCQfSvyS0HSbzxd4m07TIPMudQ1S8jto8fO8kkjhR1PJJb15r+njwJ4Ug8B+B/D3hq2me4ttG06306KaQANIsMSxhjjjJC5oA3a4O6+CfhW8+M9n8U5bW4fxfaaS2iwz/an8lbdnLn91nbuyT82Oh9hjvKKACiiigAooooAKKKKACiiigAooooAKKKKACiiigAooooAKKKKACiiigAooooAKKKKACiiigAooooAKKKKACiiigAooooAKKKKACiiigAooooAKKKKACiiigAooooAKKKKACiiigAooooAKKKKACiiigAooooAKKKKACvzh/4LPfG248LfDHwv8OdL1J7W58RXLXmpQRKwMtnFwql+m0ykEr1Pljt1/R6vwR/4KqeMrnxX+2h4utZbhJ7XRLez021EchdUUQJK69SAfMlkyBjn3zQB73/wRj/Z+u9S8YeIPi5qmmo2kWFu+kaRcTEEm6YoZnRcZ+WP5N3A/eMOecfrnXzz/wAE/PAMvw3/AGP/AIbaVc2k1leTWDahPFcIFkD3EjzfMAPSRQM8gAA9K+hqAOe+IWgHxR4F17S00vStZnubKVILDXIPOsZpth8tZ0/ij37c45xnHNfzhaZ8X9Z+H3x+j+IehaTYeFNY03WDfR6RpKSQWluQ5D26KWLLEw3IVz91iK/per8N/wDgrj8EbL4W/tKp4j0qHyNP8aWZ1SWNQAi3iuUuNvOfm+SQ5H3pD+AB+0vw48cad8TPAPh3xZpMiy6drVhDfQspBwsiBtpx3BJBHYg10dfAX/BG/wCMEfjL9nvU/A0y7L/whfttYybjLb3LPKhwTkYcSrwMY29819+0AFFFFABRRRQBj+MPCelePPCur+HNctEvtH1W1ks7u3kHDxupVh7HB4PY81/Nb8evg7rHwC+LniXwHrgU32j3PliWP7s0TKHilHs0bI2O2cV/TVX5qf8ABYr9mODxF4JsfjLolix1nRjFYa00R4ksmYiOVlxyUkYLu/uuM8KMAH0h/wAE/f2qbX9qL4G2d1dFYPF2gCPTdatg2dzhf3dwO+2VRu9mDjnGT8wf8FsvitPpvhTwB8PLO7aNdSnm1e/hRsb44gI4QwB+6WeQ4IwSgIPFfKv/AASr+MrfCv8Aau0fSpgzab4vhbQ5wqbisjEPAw9P3iKpPo5rX/4LAapeX37YVxb3FtPb29lodjDbPK5KToQ7mRB2G93T6xtQBZ/4JOfs2af8afjddeL9ZlmGm+BXttQitViyl1dOz+SGY8BUMZcjqcL2zX7iV8Rf8Ei/hPf/AA5/ZdbWNV01tPvfFWpNqkDSMpaaz8qNIHwOVBw5APZs/wAVfbtABRRRQAUUUUAFFFFABRRRQAUUUUAFFFFABRRRQAUV86/D/wDa1Txd+118QPgpqWjwaE/h+zguNOubq6AuNSYqryFIzwV2SIy4JO1WJ6/L9FUAFFFFABRRRQAUUUUAFFFFABRRRQAUUUUAFFFFABRRRQAUUUUAFFFFABRRRQAUUUUAFFFFABRRRQAUUUUAFFFFABRRRQAUUUUAFFFFABRRRQAUUUUAFFFFABRRRQA2SRYY2dztRQWJ9AK/mk+Juo23xi/aQ8UXuky7LPxR4quZLSWfPyx3F2xjLY54Div6PviBrEvh3wH4k1WCNJp7HTLm6jjkztZkiZgDjnBI7V/NP8H7WfUvjB4JgtoWmuZ9dsljijGSzG4TAFAH9MPhLw3aeDfCuj6Bp4kFjpdnDZQebIZH8uNAi7mPLHCjk9a1qKKACvhL/gsH8K9M8Xfsyp4wmium1jwnfRNaPAfk8u4kjimEgx93hCDxgqOeSD921xfxq+Hcfxa+EfjHwZIyJ/bmlXNgkkmdqSPGQjHHOA208elAH4xf8Ej/AIsW3w6/art9FvVRbfxdp8ukJM7lfLmBE0Xsdxi2fVxj0P7o1/ML4J13UfhN8VtF1YSzadqfh3WIpmeMYkikhmBbgg8gqeCPqO1f052N5FqFnb3UBLQzxrKjEEEqwyOD04NAE9FFFABRRRQAVznxI8C6d8UPh/4i8I6upOm65YTafOVALKsiFdy5/iGcj3Aro6KAP5kS3ib9nT41MYmbT/FXg7WjtZlPyz28vcHGVJX8QfetX9pf44X/AO0V8bPE3jy9WaGPUp/9Es55S5tbZQFiiHYYUc44yWPevpv/AIK8fA+6+Hv7Ri+NoLVo9D8ZW4mW4a4DlryFVSddvVAFMJ9PmOD2HxLpNvptxFqLajezWckVqz2iw24lE8+5QI2O4bF2l23c/dAxzkAH9Cf/AAT60i50T9jH4UW92ytK+k/aQUYsNksskqDPqEdcjseK+ha8U/Yo/wCTR/hD/wBizY/+ilr2ugAooooAKKKKACiiigAooooAKKKKACiiigAqG6vILC3ee5njt4E+9JK4VRk45J96lZgilmIVVGSTwBX5Y/8ABYD9rDS77QtP+DvhLxAt5cSzi78Sx2RV4ljXa9vbu+Dlt+JCoPGxM9aAKH7UemzfD3/grp8MNf0dpNQvdel0qee1s5v3sYbdZyK3Hyjyo9xHdSfWv1er+cXxp8an+MX7QXgzxhbWVxoOoRJoljMVvGkJntYoIDNG2AUDeWGC5JHJySa/o6oAKKKKACiiigAooooAKKiurqKxtZrm4kWGCFGkkkY4CqBkk+wFPjkWaNXRgyMAysOhB70AOooooAKKKKACiiigAooooAKKKKACiiigAooooAKKKKACiiigAooooAKKKKACiiigAooooAKKKKACiiigAoopGG4EHoaAFopkMK28KRIMIihVBJPAGByafQAUUUUAFFFFAHnP7R9vZ3X7PnxLh1B7mOyk8N6iszWYYzBPs0mSgUElvTANfz0/syaNea/+0R8NrKx0iPXrl/EFk402VwiXCpMrurMeAu1WyfTNf0ZfFi3mvPhb4xgt42muJdGvEjjjGWZjA4AA9Sa/ng/ZBvdV0v8Aak+F1zo1tcXl/D4gtG+z2oQyyR+YPNVd5C5Me8ckUAf0k0UUUAFFFFAH87H7ffgW7+H/AO1/8TrC6ighF3q0mpwLbY2eTc4nj4HQ4kGR6g1+2n7D/wAQrj4ofsn/AA01+9lM98+lJaXMjOHZpIGaBmYju3l7uefm55r80v8Ags58L7vw78fvD/jdbeNdM8SaUtuZo1ILXNsdr7z0J8t4cey+1fWn/BHPxlb+IP2U7jRYrR7efQdcubeaZn3LOZQswYemBJtx/s57mgD7sooooAKKKKACiiigD4p/4KzfBST4pfsv3Gv2MRk1TwbdDVlVQuWtiNlwMnnAUrJwefK78V+Ftf1IeMvC9n448Ia54c1AyCw1ixn0+4MTbX8uWNo32nscMcGv5e9a09tI1m/sWWRWtbiSArKu1wVYrhh2PHSgD+i79iOaO4/ZF+ETRSJKo8N2alkYMNwjAYcdwQQR2IIr26vlf/gmFrS61+xL8PdqKn2QXlqdpPJW7m55A55r6ooAKKKKACiiigAooooAKx7jw60/iyz1watqUS29pLaHS45lFnNvZG810K5Mi7MKwYYDsMHPGxRQAUUUUAFFFFAHnv7Q9prOofAX4i2nhy2urzX7nw9fwWEFjjz3ne3dYwmSPm3EV/M7dWs1lcy29xFJBcQuY5IpVKujA4KkHkEHjBr+qSvF/ip+xv8ABz4xW2ujxF4D0hr/AFuSKW91aztkt753jbcHE6gOrHkMQfmBIOaAPzH/AOCW37F6fEr4hw/EPxvZ6hZ6R4f+zapo9hcWMiQapIzyeXOJWXY8cbwtlVJJYLnA4b9oKxPBXgvRPh14V0zw14b06HSND02IQWllBnZEgJOBkknkk5JySa26ACiiigAooooAKKKKACiiigAooooAKKKKACiiigAooooAKKKKACiiigAooooAKKKKACiiigAooooAKKKKACiiigAooooAKKKKACiiigAooooAKKKKACiiigAooooAjuLeO6gkhmRZIpFKOjDIZSMEH2xX81Pxo8Aj4R/tGeLfCcFzNpMGi+IZra1ukJeSCFZj5Uo2nJYJsbAOc+9f0tV+Cf8AwVS+G8nw9/bG8S3Y8pbXxJbW+uW6xuSy718qTdnoTLDK2OmGFAH7ueHbO403w/plpd3kmo3VvaxRTXkq7XndUAaRh2LEE4960K+d/wBgrx1oHjD9mXwNBpfi268V6tZ6VA+rPql6bm+guZNzOshY7ggkEix542RgAnFfRFABRRRQB+b/APwW4021l+DHw81B4wb2DX5IIpNxyscls7OMdDkxR/8AfPvXD/8ABD/xvClx8UfB8kz/AGiRbPVoIWk+XapeKVlXscvCCf8Ad9K6b/guBpFzN8O/hdqiBfsdtqt5bSHd83mSwoyYHcYhk57ceteRf8ESbeFvjp4+na6RJ08OBEtSjbpFa6iLOG6AKVUEHk+YMdDQB+x9FFFABRRRQAUUUUAFfz0f8FEfhh/wqr9rzx7YRWH9n6dqVyusWSB96vHcKHZh6DzfNGO2MV/QvX49f8FuPDFrY/Fz4d6/EAt1qOjT2swEYGRBMGVi3Un9+Rz0CigD33/gi549uvEH7PnifwzcymRPD+tk2ykf6uG4jD7c5/56LKeg+937foRX4+/8ES/H1xp/xU8e+DXuIUsdT0mPUlhZf3jTQSqgKn02Tvkewr9gqACiiigAooooAKKKKACiiigAooooAKKKKACiiigAooooAKKKKACiiigAooooAKKKKACiiigAooooAKKKKACiiigAooooAKKKKACiiigAooooAKKKKACiiigAooooAKKKKACiiigAooooAKKKKACiiigAooooAKKKKACiiigAr80f+C1XwdsdR+Hvg74mWto39sabff2NeTQwbt9rKryRmVx91UkQhc8ZuCOpFfpdXkf7Wnwjk+On7OPj3wTbjN9qOnM1ku/YGuomWaBSc8AyRoDnsaAPhv8A4JmfFLTfCfh/4XQWlkl3/wAJa174M1KfzFiewvLF7vUrd8YzKk0N8yc42GJcE7iB+oFfir/wSc0/R/FnjDxdoHiPVptLtfD72XjOyltrkwTW9xZyNHK4cf8ALJ4p2jlX+NGA7Cv2c0PW9P8AE2i2Gr6TeQ6jpd/Al1a3ls4eKeJ1DI6MOCpUggjsaAL1FFFAH56/8Fq7i0j/AGdfCEU1oZrqTxNH5Fx5hXycW05b5f4sjjnpXzV/wRT1C2tf2jPF9tLMkdxc+GJBDGx5kK3MDNj6Dmvbv+C33iZLf4c/DPw+PJaS71W5vz+8/eKIoQgwv90+eefVR614T/wRbt4JP2lvEksunzXMsfhqYRXaJmO2JuIM7mzxuGQOuaAP2nooooAKKKKACiiigAr8yv8Agtz4k8PReBfhxoNxYtP4omvrm8tLxXKi2tlREmUjHzeYzRY548r3r9Na+Mf+CrHwR0b4mfswav4ruorptd8Fp9u05rYkjbJLCk4kXuuwbs/w7c9M5APy2/4J1/Ei3+F/7YXw+1K9uVtbC9uZNKnkfdtxcRtEmQD/AM9Gj65A69q/oXr+XHwT4kl8G+M9B1+Db5+lahb30e5dw3RSK4yMjPK9M1/ULpt/HqmnWt7CGENzEkyBxhtrAEZ98GgCzRRRQAUUUUAFFFFABRRRQAUUUUAFFFFABRRRQAUUUUAFFFFABRRRQAUUUUAFFFFABRRRQAUUUUAFFFFABRRRQAUUUUAFFFFABRRRQAUUUUAFFFFABRRRQAUUUUAFFFFABRRRQAUUUUAFFFFABRRRQAUUUUAFFFFABRRRQAUUUUAfkvovw4s/2U/+CqkMGv2ENt4K+IL3sWlMp/0dlvVZRCVx0E58rZ0AdTnFfXf/AATp8ctqXwl8Q/D67NwmpfDnxBe+HPs90p86O1SVjbB26MQmU7f6vp3OR/wUc+CF14k8B6P8XvCempdfET4aXUWt2Uksp8t7SBxNMjxkgOF2CTAw3yEA84P5ofsH/txat+zT8V5/7fuHvvA/ie9V9fV18yaOQkgXauQXJTcSy5O4Z/iwaAP3zoqCyvbfUrOC7tJo7m1uI1limiYMkiMMqwI6ggg5qegD8qf+C4lxpXmfCaEKv9uAag5bBz9n/cAD0+8D+Rpf+CHWkzbvi3qn2n9wP7NtjbberH7Q2/P0BGPevn7/AIKzfGLSfip+1JJp+iyxXdp4U09NFluoTuWS4EjySqDnB2NJsP8AtK1fY3/BFj4e3Ph/4E+LvFdzBJCviLWFitmcnbLDbR7dyjH/AD0klXOTnbjjFAH6IUUUUAFFFFABRRRQAVheOvBum/ETwXrvhfWIVuNK1iymsbmNh1jkQqfxwa3aKAP52PjF+w38XPhT8VdS8G2/g3XfFMcU6pZavpGlTy2t7G/+rcMqlVJzhlJ+UgjPGa/fP4LeC7r4c/CLwZ4Wvr+41O80fSLWxmu7o5kkeOJVJPJ7jA5PAHJrtKKACiiigAooooAKKKKACiiigAooooAKKKKACiiigAooooAKKKKACiiigAooooAKKKKACiiigAooooAKKKKACiiigAooooAKKKKACiiigAooooAKKKKACiiigAooooAKKKKACsTxt4x0v4e+D9Z8Ta3M8GkaRaSXt1JHE0jrHGpZtqKCWOBwAMmtuigDD8D+MNP+IPg3RPE2lCcabrFnFfW4uoTFKI5EDKHQ8q2DyK3KKKACiiigAooooAKKKKACiiigAooooAKKKKAI7i3iureSCeNJoZFKPHIoZWUjBBB6givw0/4KQfsLn9mrxdH4s8F6deS/DbWGLMx+dNKumdj9mJ6iPbt2M3XlSSRk/ufVbUtNs9YsZrK/tIL6zmG2W3uYxJG49GUggj60Afj38Kf+C0PjPwvb6RpnizwFoWr6VaRLbySaMz2M2xcBSqEvGMKMbQFB45Wut+Pn/BaD+3vB11pPwo8K6hoesXcZjOt660Re0BBBaKJGYFx8pDM2Ac/Ka93+MH/BIf4SfErx5b+INFvr/wAC2DAC90XRoYvs0u1NqmIEfuTkAtwwPOApOa+fvBv/AARB1yTWbseLPibp9tpMcg+znRtPkmnnTdzvEhRYjt9PMwT3xyAfCvwF+BPjX9qn4rReHfD0Eup6jdSG71PUrmT5beEyDzbiaQ57t7sxPAJr+jP4e+BNI+GHgfQvCWgW5ttG0azjsrWJmLMI0UAEk9SepPck1yH7Pv7N/gb9mfwRF4a8E6UtrEcNd6hOFe8vpOfnmkAG4jJwOAoOAAK9QoAKKKKACiiigAooooAKKKKACiiigAooooAKKKKACiiigAooooAKKKKACiiigAooooAKKKKACiiigAooooAKKKKACiiigAooooAKKKKACiiigAooooAKKKKACiiigAooooAKKKKACiiigAooooAKKKKACs7XvEOl+FtNfUdY1C20uwR442ubuVY4wzuERck4yzMqgdywA61o1l+I/C+k+LtNWw1rT4NSs1uIbpYbhdyiWGVZYnHoyuisD6qKANSua8Fat4l1RtfHiTQoND+y6tPbaabe7FwL2xUKYblsAeWzZYGM8qV75zXS0UAFFFFABRRRQAUUUUAFFFFABRRRQAUUUUAFFFFABRRRQAUUUUAFFFFABRRRQAUUUUAFFFFABRRRQAUUUUAFFFFABRRRQAUUUUAFFFFABRRRQAUUUUAFFFZ+qWmoXN1pj2WoLZQwXPmXcTQCT7VF5br5YJI2HeyPuGfuYx81AGhRRRQAUUUUAFR3Ful1C0UgJRhggEg/mKkooAKKKKACiiigAooooAKKKKACiiigAooooAKKKKACiiigAooooAKKKKACiikZtqk4JwM4HU0ALRXL/Dfx2vxH8Lx62uha54b3TzQNp/iGy+yXaNHI0ZJTJ+UlcqwJBBBrqKACiiigAooooAKKKKACiiigAooooAKKKKACiiigAooooAKKKKACiiigAooooAKKKKACiiigAooooAKKKKACiiigAooooAKKKKACiiigAooooAKKKKACiiigAooqOeFbiFo33bW4O1ip/MHIoAkooooAKKKKACiiigAooooAKjhMhhQzBVl2jeEJKg98EgZFSUUAFFFFABRRRQAUUUUAFFFFABRRRQAUUUUAFFFFABRRRQAUUUUAFFFFABRRRQAUUUUAFFFFABRRRQAUUUUAFFFFABRRRQAUUUUAFFFFABRRRQAUUUUAFFFFABRRRQAUUUUAFFFFABRRRQAUUVUk1ayj1SHTHuoV1CaF7iO1LgSPGjKruF6kAugJ7bh60AW6KKKACiiigAooooAKKyR4W01fFR8RiKUaubP7AZftEnlmHfvx5W7y87h97buxxnHFa1ABRRRQAUUUUAFFFFABRRRQAUUUUAFFFFABRRRQAUUUUAFFFFABRRRQAUVnaN4i0vxF9u/sy/t7/wCw3UljdfZ5A/kzpjfE2OjDIyO2a0aACiiigAooooAKKKKACiiigAooooAKKKKACiiigAooooAKKKKACiiigAooooAKKKKACiiigAooooAKKKKACiiigAooooAKKKKACiiigAooooAKKKKACiiigAooooAKKKKACm+WvmB9o3gYDY5x6U6igAooooAKKKKACiiigAooooAKKKKACiiigAooooAKKKKAKti160l39sS3SMTYtvIdmJi2ry+QMNu3cDIxjnrVqiigAooooAKKKKACiuTuPHF1D8UrTwiPDepy2dxpL6mfEMaqbKJ1lEf2dzncJCGDDjBAPoa6ygAooooAKKKKAI4oI4N/lxrHvYu21QNzHqT6mpKKKACiiigAooooAKKKKACiiigAooooAKKKKACiiigAooooAKKKKACiiigAooooAKKKKACiiigAooooAKKKKACiiigCOYSFR5TKrbhneCRtzyOo5xmpKKKACiiigApsm7y22Y34+Xd0z706igDH8J/29/wj9p/wk404a4AwuTpJk+zE7jtKeZ8wyuMg5wcjJ61sUUUAFFIzBRknA96ZPCLiF4yzKGGC0bFWH0I5BoAkooooAKKKKACiiigAooooAKKKKACiiigAoqK6hNzazQiWSAyIyCWIgOmRjcuQRkdsinRIY40QszlQBubqfc+9AD6KKKACiiigAooooAKKKKACiiigAooooAKKjklKSRKI3cOSCy4wvBOTz+HHrUlABRRRQAUUUUAFFFFABRRRQAUU1pFUqGYKWOFBPU4zgU6gAooooAKKKKACiiigAooooAKKKKACiiigAooooAKK5/x14i1Lwr4buNR0nw3f+Lb9GVY9K02WCKWTcwGd0zogAzkkt0HANbyMWVSVKkjJU9R7UAOooooAKKKKACiiigAooooAKKKKACiiigAooooAKKKKAKmq6taaHp8t9fTrbWkWC8r5wuSAM/iRVuiigAooooAKKKKACiiigCG6s4L6MR3MMc8YdZAsihhuUhlOD3BAI9xU1FFAFXS9Vstc0221DTruC/sLqNZYLq2kEkcqEZDKwOCCO4q1UMFpDbM7RRLGXxu2jGcDA/SpqACiiigAooqCezjuJreV9++By6bZGUZKleQDhhgng5GcHqBQBPRRRQAUUUUAFFFFABRRRQAUUUUAFFFFABXgX7UH7ZHhL9lz+yYdX0/UfEOo3eLm507RlWS4srAMVe9lUniIOAgJwCxxmvfa+P8A4pfsQ+Mvj78XLrWviH8W7qbwAv2yztfC+gaethOdPn2MLaa7Rg0i744mZXVwfKHTccAH1N4L8YaX8QfCGi+JtDuPtej6xZxX1nPtKl4pEDqSDyDgjg1tVz3g/wAA6H4DtTb6LZm1RoLe3bdK7kpBCsMQ+YnGERRxjPJPJJq9q1jqd3faVLY6othbW85kvLdrYSm7j2MBGGJHl4Yq24Z+7jvQBp0UUUAFFFct4w8Ua7oGreHrXSPCF54ktdQuxb317bXdvCmmRcZmkWR1Z1AzxGGPGMcigDqaKKKACiiigAooooAKKKKACiiigCKa1huJIXlhjleF98TOoJRsFdynscEjI7E1LRRQAUUUUAFFFFABRRRQAUUUUAFFFFABRRRQAUUUUAFFFFABRRRQAUUUUAFFFFABRRRQAUUUUAFFFFABRRRQAUUUUAFFFFABRRRQAUUUUAFFFFABRRRQAUUUUAFFFFABRRRQAUUUUAFFFFABRRRQAUUUUAFFFFABRRRQAUUUUAFFFFABRRRQAVxHxU+Mfhn4N2Oh3XiWe6jXW9Vh0Wwjs7OW5kmupQxRAsakjhGOTxxXb0140k27lVtp3DcM4PrQA6iiigAooooAKKKKACiiigAooooAKKKKACiiigAooooAKKKKACiiigAooooAKKKKACiiigAooooAKKKKACiiigAooooAKKKKACimrIrMyhgWXqAeRTqACiiigAooooAKgvrVry3aJbiW1JKnzYCAwwwOOQRg4weOhNT0UAFQSXXl3kFv5Mreart5qplE244Y9id3Hrg+lT0UAFFFFABRRRQAUUUUAFFFFABRRRQAUUUUAFFFFABRRRQAVzum+PtH1bxxrfhK2lmbW9Gtra7vImgdY1jn8zyishG1ifKfIBJGBnGa6KigBKbDIJokkUMFdQw3KVOD6g8g+xp9FABRRRQAUUUUAFFFZ2i+ILDxEl49hK0y2l1JZzFonjxLGcOo3AbgD/EMg9iaANGiiigAooooAKKKKAMi+8KaVqXiTSteubXzNW0uOaG0uPMceUswUSDaDtOdi9QcY4xWvRRQAUUUUAFFFFABRRRQAUUUUAFFFFABRRRQAUUUUAFFFFABRRRQAUUUUAFFFFABRRRQAUUUUAFFFFABRRRQAUUUUAFFFFABRRRQAxYkR3dUVXfG5gOWx0zT6KKACiiigAooooAKKKKACiiigAooooAKKKKACiiigAooooAKKKKACiqmr3N1Z6Te3FjZnUb2GB5ILMSrEZ5ApKx724XccDJ4Gc1LZzSz2kEs0BtpnRWeFmDGNiMlcjg4PGRQBNRRRQAUUUUAFFFFABRRRQAUUUUAFFFFABRRRQAUUUUAFFFFABRRRQAUUUUAFFFFABRRRQAUUUUAFFFFABRRRQAUUUUAFFFFABRRRQAUUUUAFFFFABRRRQAUUUUAFFFFABRRRQAUUUUAFFFFABRRRQAUUUUAFFFFABRRRQAUUUUAFFFFABRRRQAUUUUAFFFFABRRRQBHPCtxC8TlwrjBMblG/BgQR9QakoooAKKKKACiiigAooooAKKKKACiiigAooooAKKKKACiiigAooooAKKKKACiiigAooooAKKKKACiiigAqC0s47KN0jaVg8jynzpXkOWYsQCxJAyeFHAGAAAMVPRQAUUUUAFFFFABRRRQAUUUUAFFFFABRRRQAUUUUAFFFFABRRRQAUUUUAFFFFABRRRQAUUUUAFFFFABRRRQAUUUUAFFFFABRRRQAUUUUAFFFFABRRRQAUUUUAFFFFABRRRQAUUUUAFFFFABRRRQAUUUUAFFFFABRRRQAUUUUAFFFFABRRRQAUUUUAFFFFABRRRQAUUUUAFFFFABRRRQAUUUUAFFFFABRRRQAUUUUAFFFFABRRRQAUUUUAFFFFABRRRQAUUUUAf/2Q==','admin','admin','2017-05-12 10:35:59','2017-05-19 09:48:05'),('boss','signature_file_type','image/jpeg','','admin','admin','2017-05-12 10:35:59','2017-05-19 09:48:05'),('director','signature','','/9j/4AAQSkZJRgABAQEAlgCWAAD/2wBDAAMCAgMCAgMDAwMEAwMEBQgFBQQEBQoHBwYIDAoMDAsKCwsNDhIQDQ4RDgsLEBYQERMUFRUVDA8XGBYUGBIUFRT/2wBDAQMEBAUEBQkFBQkUDQsNFBQUFBQUFBQUFBQUFBQUFBQUFBQUFBQUFBQUFBQUFBQUFBQUFBQUFBQUFBQUFBQUFBT/wAARCAHjAngDASIAAhEBAxEB/8QAHwAAAQUBAQEBAQEAAAAAAAAAAAECAwQFBgcICQoL/8QAtRAAAgEDAwIEAwUFBAQAAAF9AQIDAAQRBRIhMUEGE1FhByJxFDKBkaEII0KxwRVS0fAkM2JyggkKFhcYGRolJicoKSo0NTY3ODk6Q0RFRkdISUpTVFVWV1hZWmNkZWZnaGlqc3R1dnd4eXqDhIWGh4iJipKTlJWWl5iZmqKjpKWmp6ipqrKztLW2t7i5usLDxMXGx8jJytLT1NXW19jZ2uHi4+Tl5ufo6erx8vP09fb3+Pn6/8QAHwEAAwEBAQEBAQEBAQAAAAAAAAECAwQFBgcICQoL/8QAtREAAgECBAQDBAcFBAQAAQJ3AAECAxEEBSExBhJBUQdhcRMiMoEIFEKRobHBCSMzUvAVYnLRChYkNOEl8RcYGRomJygpKjU2Nzg5OkNERUZHSElKU1RVVldYWVpjZGVmZ2hpanN0dXZ3eHl6goOEhYaHiImKkpOUlZaXmJmaoqOkpaanqKmqsrO0tba3uLm6wsPExcbHyMnK0tPU1dbX2Nna4uPk5ebn6Onq8vP09fb3+Pn6/9oADAMBAAIRAxEAPwD9U6KKKACiiigAooooAKKKKACiiigAooooAKKKKACiiigAooooAKKKKACiiigAooooAKKKKACiiigAooooAKKKKACiiigAooooAKKKKACiiigAooooAKKKKACiiigAooooAKKKKACiiigAooooAKKKKACiiigAooooAKKKKACiiigAooooAKKKKACiiigAooooAKKKKACiiigAooooAKKKKACiiigAooooAKKKKACiiigAooooAKKKKACiiigAooooAKKKKACiiigAooooAKKKKACiiigAooooAKKKKACiiigAooooAKKKKACiiigAooooAKKKKACiiigAooooAKKKKACiiigAooooAKKKKACiiigAooooAKKKKACiiigAooooAKKKKACiiigAooooAKKKKACiiigAooooAKKKKACiiigAooooAKKKKACiiigAooooAKKKKACiiigAooooAKKKKACiiigAooooAKKKKACiiigAooooAKKKKACiiigAooooAKKKKACiiigAooooAKKKKACiiigAooooAKKKKACiiigAooooAKKKKACiiigAooooAKKKKACiiigAooooAKKKKACiiigAooooAKKKKACiiigAooooAKKKKACiiigAooooAKKKKACiiigAooooAKKKKACiiigAooooAKKKKACiiigAooooAKKKKACiiigAooooAKKKKACiiigAooooAKKKq6hqlnpUccl7dwWcckiwo9xIqBpGOFQEnlieAOpoAtUUUUAFFFFABRRRQBX1C8Gn2FzdGKacQRNKYrdC8j7QTtVR1Y4wB3NSxSebGj7WXcAdrDBGexHrT6KACiiigAooooAKKKKACiiigAooooAKKKKACiiigAooooAKKKKACiiigAooooAKKKKACiiigAooooAKKKKACiiigAooooAKKKKACiiigAooooAKKKKACiiigAooooAKKKKACiiigAooooAKKKKACiiigAooooAKKKKACiiigAooooAKKKKACiiigAooooAK8u+P37O/gr9onw/peneNo7w2mj3yapazWd69s0MqD7xIOCNuRyDgE4wea9RpGUMpVgCpGCD0NADLeWKa3ikgdZYXUMkiNuDKRwQe4x3qSmqqxqqqoVVGAoGAB6U6gAooooAKKKKACiiigAooooAKKKKACiiigAooooAKKKKACiiigAooooAKKKKACiiigAooooAKKKKACiiigAooooAKKKKACiiigAooooAKKKKACiiigAooooAKKKKACiiigAooooAKKKKACiiigAooooAKKKKACiiigAoorN0vWJdSvNTt5NLvbBbKcQpPdLGI7sFFbzItrsSmWK/MFOVPGMEgGlRRRQAUUUUAFFFFABRRRQAUUUUAFFFFABRRRQAUUUUAFFFFABRRRQAUUUUAFFFFABRRRQAUUUUAFFFFABRRRQAUUUUAFFFFABRRRQAUUUUAFFFFABRRRQAUUUUAFFFFABRRRQAUUUUAFFFFABRRRQAUUUUAFFFFABRRRQAUUUUAFFFFABRRRQAUUUUAFFFFABRRRQAUUUUAFFFFABRRRQAUUUUAFFFFABRRRQAUUUUAFFFFABRRRQAUUUUAFFFFABRRRQAUUUUAFFFFABRRRQAUUUUAFFFFABRRRQAUUUUAFFFFABRRRQAUUUUAFFFFABRRRQAUUUUAFFFFABRRRQAUUUUAFFFFABRRRQAUUUUAFFFFABRRRQAUUUUAFFFFABRRRQAUUUUAFFFFABRRRQAUUUUAFFFFABRRRQAUUUUAFFFFABRRRQB8v/t1ftc63+yp4f8AB0nhnwxB4t1zxBqTWy6fM0mfJRAWKLGNxYs8ajqBnocivH/2hf8AgrBpPwftfA7+HvClr4sudd0n7fqNlJqrWtxpEwfY1tMnksRIrrIpDbSCnTBBr7r8UeKNI8FeH77Xdf1G20jR7CIzXV9dyBIoUHVmY9BX5J/tnfso/E66+KHxV+LfgjwTovjvwR4sgFrH9mddWvIldYd97bxp8yOJYThkLFVYggqWoA+o/Bv/AAV4+Bmu+AX1zXJ9V8N61C6xy+HmtHuZ2JJw0UiDY64GSSVI6EcjPsvwY/bk+Cvx6vZ7Hwr40tv7RhWJns9UjexlYyEhVQTBRI24YIQtgkeoz+bnwO/4JB6/8Xvgho/jPUfGUng7xDqkEk8WgaloxIjUSMsRkk80ModAr/cyA3Q15f4w/wCCX3xr+Hvgu98R6tBpUVxDqcWmWGkWd09xe6jJJKscTwiNCiqxbOZGQgKSwFAH72UV+Lfgn/gon8fP2Odd1X4dfFPRj4t1KwuYTJFr92Td20WxfljnQsHV02srHcOc85NfbX7PP/BUr4SfGbTdUfxLfW/w01Ozuljis9bvFK3ULsFjkjkCgE5Pzrj5euSuSAD7KopsciTRrJGyvGwDKynIIPQg06gAooooAKKKKACiiigAooooAKKKKACiiigAooooAKKKKACiiigAooooAKKKKACiiigAooooAKKKKACiiigAooooAKKKKACiiigAooooAKKKKACiiigAooooAKKKKACiiigAooooAKKKKACiiigAooooAKKKKACiiigAooooAKKKKACiiigAooooAKKKKACiiigDnfiJ4B0X4p+Bdc8I+IrZrvRNZtHs7uFXKMUYYyrDkMOCD2IFefeFf2eh8GPguvgT4Sa7c+FfsYuJtPm1JRqMYmkLOBIJAT5e85ITaeT3Jz7HRQB558CbH4m6d4Cjg+LWo6Fqvi1bmXN14djdLZ4CQY8h1X5hyDgY4HvXodFFAHzv8fP2C/hH+0d440vxb4s0i5TW7R4zcTadceR/aEaY2xXHB3LhQuRtYDgMK/Ob9qr/AIJL+Nfh7quv+JPhpLB4i8EW9tJqBtLq4WO/tURd0iYwFlxhiu3BIGMZxn9oaKAPwA+Gv7VXxr/Yl8ZWGhm+1pLWKO2udU8J+JlDQSKy7lEOSzRK0TJh0Kk8ZBCgV+2v7Pn7QXhH9pb4cWfjLwfdSS2UrmG4tbhQtxaTLjdFKoJwRkEEEgggg4NfNn/BQD/gn/pn7RNrf+PNA1BNC8ZWVgBdBrM3CahDAGZFAQGRZACVBQHcNqkHAI/PT9mv4xfH39k/4D+IPH/g220g/D+48RLpWow6rCkk0V+iITlMrIoKFUPJAz0B5oA/eiivGP2Sf2ldN/ar+Ddh42sbD+x7pppLS+0w3CzG2nQ8jcMHawIYZAOG6d69noAKKKKACiiigAooooAKKKKACiiigAooooAKKKKACiiigAooooAKKKKACiiigAooooAKKKKACiiigAooooAKKKKACiiigAooooAKKKKACiiigAooooAKKKKACiiigAooooAKKKKACiiigAooooAKKKKACiiigAooooAKKKKACiiigAooooAKKKKACiiigAooooAKKKKACiiigArzP4xfCHwb4w+G+v6fq3geDxLYmZtcl0OyRYW1K9jXcpbBVZJHKqvz5B4z0r0yigD+e3X/ABt4l/ZY8VaX4u+HPiS4+HnijXLm9n1X4f2ryv8A2BHHcFILW7WYfvdwDOqyKSE2nncDX7GfsYftheHP2uPh22oWIOneKdKWOHWtIlILQyMDtlQgYaN9rEHsQQemT5/+2R+w14e+JmoXXxd8OaLFqHxO0ea21b+z7xGuLXXY7RDiwkhJC/vQqLuIJyqjoTX5aaP+2K3w1/a+vfjD4B8H2XhfSGc26+EYWNvam28hYTHIIgBnKiTpgSAHBxigD+g1rhEmjiJIkkBKjB7Yzz+IqSsXwb4w0jx/4V0rxFoV9DqOk6lbR3VtcQtlWR1DL9Dgjg8itqgAooooAKKKKACiiigAooooAKKKKACiiigAooooAKKKbJIsUbO7BEUZZmOAB6mgB1FfGn7RP/BU74Q/BKW/0jRLmT4geJ4EYLbaM6mzSUPtMctzkgEYJ+QP0xxmvhzxt+2v+0x+3Nqw8JfDHQrzw/pzwsZrDwxIySSBdrM0165XaBxgAoPmAO4kZAP2uor5D/YP/ZF8dfAG21DxH8S/H+reKPFWpQC2XSv7VnubCxiJVjkSHEk25cbsYUZC53En68oAKKKKACiiigAooooAKKKKACiiigAooooAKKKKACiiigAooooAKKKKACiiigAooooAKKKKACiiigAooooAKKKKACiiigAooooAKKKKACiiigAooooAKKKKACiiigAooooAKKKKACiiigAooooAKKKKACvyZ/4KmfsGnSLi5+MXw50WKHSym7xFo+m2xHlPl3e/ABwFI2hwFABG85yxH6zVU1bSbLXtKvNM1K0hvtOvYXt7m1uEDxzROpV0ZTwVIJBB6g0Afg3/AME3P2sk/Zq+NcVn4hvrpPAviRV0++jNwEtrKZpE8u9dW4wnzKxyMI7HnaBX702d5b6hZwXVrPHc2s6LLFPC4dJEYZVlYcEEEEEdc1+CP/BRT9jmP9lP4pW03h1LyfwJ4gR7rT5ZoyVs5d7b7PzMndsXYVLclWGclST9Zf8ABHn9qrUvEEF78FvEd9byQaXaG78OtKcXDJ5jNPb5/jC7w691UMOVA2gH6hUVn6/4g0zwrot7rGs6hbaVpVlE09ze3kqxQwxqMlmZiAAPU1+ZX7Tn/BZCPR9Q1Tw58HNGt9RaFzCvizUyWgfjl4LfALc5wznHH3SKAP0+vL+206Hzbu4itYs7fMmcIufTJryPxh+2L8EPAaTnWfil4YheEKzw22oJdSgM20fu4izHkc4HHU4Ffz7+PPij8Rf2gPFD3vibXNa8Y6xcMNsTs8uOcKscKjagy2AqKB83Tmu+8L/sGftAeMLEXen/AAs1xIWTzFF+iWbuuAcqkzIzDDDkDqcdaAP3I8B/tk/BD4lSmHw/8TvDtzcbtot7m7FpKxyo4SbYx5YAYHJNewwzx3UKSwyLLE43LIjBlYeoI61/OD4o/Yx+OXg2+Fpqnws8TLMbZ7vNpYNdJ5SffbfFuXjjIznkcc1h+F/jR8WvgZdz6Toni/xV4MmhJSbTI7ye2EZO0kNCSAD8q9RnigD+l6ivyp/Y9/4K8TS3tr4X+OkkKW3lCODxfa2zB/MzwLqKMYwQQN8ajBHKnJYfpz4J8caB8SPCuneJPDGrW2t6FqEfm219aPujkXOD9CCCCDgggggEUAbtFFFABRRRQAUUVyvxO+KPhb4N+DL/AMVeMdZt9D0OyXMlzcNjc38KIvV3bGAqgknoKANjxF4k0vwjot5q+tahbaVpdnE01xd3cojjjRQSWLHgYANfh7+25/wUk8WftG3mreE/Cc0vhv4YmQItui7LvUlU8PcPnIUnkRLgdN24iuH/AG3f24PEf7XXi5YVSTRvAelzu2k6Nu+ZsgL59xg4aUgcDogYqM5Zm+wf+Ccf/BNu0/snSfip8WNJuU1MXUV9oOgXBURiJVJWa6iZSSWYqyoSMbAWB3YAB49+wb/wTL1D45SS+LPinZat4c8FRopsbHY1tdaqzKGDqzLlYQCPmAyxOARgmv2I+Hfw58OfCfwdpvhXwnpUOi6Dp6eXb2kGSF5ySSSSzE5JYkknrXSUUAFFFFABRRRQAUUUUAFFFFABRRRQAUUUUAFFFFABRRRQAUUUUAFFFFABRRRQAUUUUAFFFFABRRRQAUUUUAFFFFABRRRQAUUUUAFFFFABRRRQAUUUUAFFFFABRRRQAUUUUAFFFFABRRRQAUUUUAFFFFABRRRQAUUUUAeFftrfs9QftMfs8+I/CYRjrMCf2nozLjIvoVYxLzxhwzREnoJCeor+fj4b+Pte+C3xM0PxXozPZa94fv1uUSTcnzI2HikAIO1huRlyMqzDvX9NHijxPpXgvw7qOu65fQ6ZpGnwPc3V3cMFSKNQSzE/QV/Pd8SreX9sD9o34h+Jfh34O+waZP8AaNWOmWMsKS+Ui4a5ZJGXLO+JZAmSu9zg4zQBp/tOft3fFT9rdoNF1SSPSfDm5TH4b0NXEM8gxhpMktKdwyAxwvYZ5r339jH/AIJQ618TktPFnxfjvPDfhSeBLiy0e2lWO+vNxyPNyCYE29iN53fw4zXMf8Eg7XQbH9r68tdYC3GsxaNeRaU8IWeDz1ZPMcSAnB8oSBWHBDNzyM/t5QBxnwx+Dfgj4MaDBo3gnwxpvh2xiTZizgCySe8kh+eRuOWYkn1rrzbxG4WcxIZ1UoJdo3BSQSM9cEgcewqSigArz74qfAD4d/GvTLyz8aeD9I103MBtjeXFon2uNO3lz48xCDyCrDBr0GigD8Ef23/+CeviL9ksnxJY6kniL4fXd4lpa3zDbd28jq7LHOgGOAhHmKcE44UnFZX7CP7bOs/so/EKCDU7q81D4cai5TVNHjYuIWbb/pUKEgCVdoB/vLkHnaR+9XjHwdovxA8L6n4c8R6bb6vompQNb3dldJuSVD2PoQcEEcggEYIFfgp+3d+xBqX7H/jDT5LO+k1zwRrRf+zNSmUCaORAC8EwAwHGQQw4Yc4BDAAH74+F/Eum+MvDela/o10l9pOqWsd5aXMf3ZYpFDIw+oIrTr8ev+CVX7cafD/Vrf4OeOtQEfhzUp/+JBqNzIFSwuGyWt3ZjxHI2Nv91zjo+V/YWgAooooAK/D3/gqp+1ZqPxg+M978O9LvceCfCFz5Pkx423WoKpWaZj3CbmjUdBhj/FX6Hf8ABTj486h8Cv2X9Sk0LUp9K8SeIbqLR7C6tgRJEGy8zKwPyHykcBhyCwxzyPxw/ZL/AGe9X/ad+OWh+EbFf9CMgvNWvJM7YLNGBlYnB+Zh8i+rOvbJoA+jv+CUP7L/AIQ+OnxB1zxL4uktdRh8KvbXNnoouGWZrjzA6TSRgYeEbCpBPJ4Ix1/bWsbw74N0DwfbJb6Fomn6PAkSwrHY2qQgRqMKvygcAdBWuZEWQIWUORkLnk0AOooooAKKKKACiiigAooooAKKKKACiiigAooooAKKKKACiiigAooooAKKKKACiiigAooooAKKKKACiiigAooooAKKKKACiiigAooooAKKKKACiiigAooooAKKKKACiiigAooooAKKKKACiiigAooooAKKKKACiiigAoorlPit8RtN+EXw18S+NNYDvpuhWE1/NHFjfIEUkIueNzHCjPGSKAPza/4LM/tJNDHo3wV0sQssqxa1rM2CXXBYQQjsM4Mh78J0BOfKf2Af+CeunftHfBXx34z8T/upL6CfSvCjGaSNYLxFybt9n3kV9iBTnOJeM7TXylPdeMv2wP2iEM9z9u8W+MtWWJHupfki3kKi5OMJGgAAH8KAAV/Q/wDBf4bW/wAHvhP4T8FWptpI9D02Gyaa0t/s8c0iKA8ojydpd9znJJyxySeaAP53dc8O/EL9j/45Q2upwz+HPGfhu7hul8icFXAKyIyuhw8brj2IJBHUV/RX8L/id4d+L3gnS/FHhfVrXWNLvoElWa1fOxmUMUZT8yMM8qwBHcV8Of8ABWz9mPwl4u8Ap8X7vW08M67oUK2E8jW0k66lGxbyINqfdfzXwHPAVm3dBjxn/gih8XbfSvGnjj4bXEEhm1e2j1m1uPMGxTB+7kQqT95hKhBA6Ic9BQB+ulFFFABRRRQAV5h+0d+z/wCG/wBpj4U6r4I8Sx7IrgebZ3yoGlsbpQRHPHnuMkEd1Zl6GvSby6Sxs57mQSNHDG0jCKNpHIAydqqCWPHQAk9qdbzC5t4plV1WRQ4WRCjDIzgqeQfY0AfzBfE74c658I/H+u+DvEdqbPWtHumtbiPsSOQynurKQwPcMDX72/sB/tPQ/tOfATS9SvZrdPFujgadrNpHMGfzEGEnKn5gJVAbnjdvAJ218of8Fjf2WzqWmWPxv0G3zNYrFpviGNABmEttguT6kMyxHqcNH2U18Yf8E9f2ij+zj+0loeo3bD/hHtdK6Jq3mSbEihlkTbOe37twrEn+HeO9AH9CVFIrBlBByDyCK8k/a0+Kd58Ff2b/AIgeNNNx/aWmaYxtGKbgs8jLFExGRwHkUnnoPwoA/Jn/AIK0ftHp8XvjxH4K0i5Wbw74JD2heMgrNfPg3DZ9F2pH9Uf1r6a/4Ir/AAr1rwv4F8e+MNY0KbTrXXprOHS726iMbXUMaymRkBHMe6RMMOCQfSvyS0HSbzxd4m07TIPMudQ1S8jto8fO8kkjhR1PJJb15r+njwJ4Ug8B+B/D3hq2me4ttG06306KaQANIsMSxhjjjJC5oA3a4O6+CfhW8+M9n8U5bW4fxfaaS2iwz/an8lbdnLn91nbuyT82Oh9hjvKKACiiigAooooAKKKKACiiigAooooAKKKKACiiigAooooAKKKKACiiigAooooAKKKKACiiigAooooAKKKKACiiigAooooAKKKKACiiigAooooAKKKKACiiigAooooAKKKKACiiigAooooAKKKKACiiigAooooAKKKKACvzh/4LPfG248LfDHwv8OdL1J7W58RXLXmpQRKwMtnFwql+m0ykEr1Pljt1/R6vwR/4KqeMrnxX+2h4utZbhJ7XRLez021EchdUUQJK69SAfMlkyBjn3zQB73/wRj/Z+u9S8YeIPi5qmmo2kWFu+kaRcTEEm6YoZnRcZ+WP5N3A/eMOecfrnXzz/wAE/PAMvw3/AGP/AIbaVc2k1leTWDahPFcIFkD3EjzfMAPSRQM8gAA9K+hqAOe+IWgHxR4F17S00vStZnubKVILDXIPOsZpth8tZ0/ij37c45xnHNfzhaZ8X9Z+H3x+j+IehaTYeFNY03WDfR6RpKSQWluQ5D26KWLLEw3IVz91iK/per8N/wDgrj8EbL4W/tKp4j0qHyNP8aWZ1SWNQAi3iuUuNvOfm+SQ5H3pD+AB+0vw48cad8TPAPh3xZpMiy6drVhDfQspBwsiBtpx3BJBHYg10dfAX/BG/wCMEfjL9nvU/A0y7L/whfttYybjLb3LPKhwTkYcSrwMY29819+0AFFFFABRRRQBj+MPCelePPCur+HNctEvtH1W1ks7u3kHDxupVh7HB4PY81/Nb8evg7rHwC+LniXwHrgU32j3PliWP7s0TKHilHs0bI2O2cV/TVX5qf8ABYr9mODxF4JsfjLolix1nRjFYa00R4ksmYiOVlxyUkYLu/uuM8KMAH0h/wAE/f2qbX9qL4G2d1dFYPF2gCPTdatg2dzhf3dwO+2VRu9mDjnGT8wf8FsvitPpvhTwB8PLO7aNdSnm1e/hRsb44gI4QwB+6WeQ4IwSgIPFfKv/AASr+MrfCv8Aau0fSpgzab4vhbQ5wqbisjEPAw9P3iKpPo5rX/4LAapeX37YVxb3FtPb29lodjDbPK5KToQ7mRB2G93T6xtQBZ/4JOfs2af8afjddeL9ZlmGm+BXttQitViyl1dOz+SGY8BUMZcjqcL2zX7iV8Rf8Ei/hPf/AA5/ZdbWNV01tPvfFWpNqkDSMpaaz8qNIHwOVBw5APZs/wAVfbtABRRRQAUUUUAFFFFABRRRQAUUUUAFFFFABRRRQAUV86/D/wDa1Txd+118QPgpqWjwaE/h+zguNOubq6AuNSYqryFIzwV2SIy4JO1WJ6/L9FUAFFFFABRRRQAUUUUAFFFFABRRRQAUUUUAFFFFABRRRQAUUUUAFFFFABRRRQAUUUUAFFFFABRRRQAUUUUAFFFFABRRRQAUUUUAFFFFABRRRQAUUUUAFFFFABRRRQA2SRYY2dztRQWJ9AK/mk+Juo23xi/aQ8UXuky7LPxR4quZLSWfPyx3F2xjLY54Div6PviBrEvh3wH4k1WCNJp7HTLm6jjkztZkiZgDjnBI7V/NP8H7WfUvjB4JgtoWmuZ9dsljijGSzG4TAFAH9MPhLw3aeDfCuj6Bp4kFjpdnDZQebIZH8uNAi7mPLHCjk9a1qKKACvhL/gsH8K9M8Xfsyp4wmium1jwnfRNaPAfk8u4kjimEgx93hCDxgqOeSD921xfxq+Hcfxa+EfjHwZIyJ/bmlXNgkkmdqSPGQjHHOA208elAH4xf8Ej/AIsW3w6/art9FvVRbfxdp8ukJM7lfLmBE0Xsdxi2fVxj0P7o1/ML4J13UfhN8VtF1YSzadqfh3WIpmeMYkikhmBbgg8gqeCPqO1f052N5FqFnb3UBLQzxrKjEEEqwyOD04NAE9FFFABRRRQAVznxI8C6d8UPh/4i8I6upOm65YTafOVALKsiFdy5/iGcj3Aro6KAP5kS3ib9nT41MYmbT/FXg7WjtZlPyz28vcHGVJX8QfetX9pf44X/AO0V8bPE3jy9WaGPUp/9Es55S5tbZQFiiHYYUc44yWPevpv/AIK8fA+6+Hv7Ri+NoLVo9D8ZW4mW4a4DlryFVSddvVAFMJ9PmOD2HxLpNvptxFqLajezWckVqz2iw24lE8+5QI2O4bF2l23c/dAxzkAH9Cf/AAT60i50T9jH4UW92ytK+k/aQUYsNksskqDPqEdcjseK+ha8U/Yo/wCTR/hD/wBizY/+ilr2ugAooooAKKKKACiiigAooooAKKKKACiiigAqG6vILC3ee5njt4E+9JK4VRk45J96lZgilmIVVGSTwBX5Y/8ABYD9rDS77QtP+DvhLxAt5cSzi78Sx2RV4ljXa9vbu+Dlt+JCoPGxM9aAKH7UemzfD3/grp8MNf0dpNQvdel0qee1s5v3sYbdZyK3Hyjyo9xHdSfWv1er+cXxp8an+MX7QXgzxhbWVxoOoRJoljMVvGkJntYoIDNG2AUDeWGC5JHJySa/o6oAKKKKACiiigAooooAKKiurqKxtZrm4kWGCFGkkkY4CqBkk+wFPjkWaNXRgyMAysOhB70AOooooAKKKKACiiigAooooAKKKKACiiigAooooAKKKKACiiigAooooAKKKKACiiigAooooAKKKKACiiigAoopGG4EHoaAFopkMK28KRIMIihVBJPAGByafQAUUUUAFFFFAHnP7R9vZ3X7PnxLh1B7mOyk8N6iszWYYzBPs0mSgUElvTANfz0/syaNea/+0R8NrKx0iPXrl/EFk402VwiXCpMrurMeAu1WyfTNf0ZfFi3mvPhb4xgt42muJdGvEjjjGWZjA4AA9Sa/ng/ZBvdV0v8Aak+F1zo1tcXl/D4gtG+z2oQyyR+YPNVd5C5Me8ckUAf0k0UUUAFFFFAH87H7ffgW7+H/AO1/8TrC6ighF3q0mpwLbY2eTc4nj4HQ4kGR6g1+2n7D/wAQrj4ofsn/AA01+9lM98+lJaXMjOHZpIGaBmYju3l7uefm55r80v8Ags58L7vw78fvD/jdbeNdM8SaUtuZo1ILXNsdr7z0J8t4cey+1fWn/BHPxlb+IP2U7jRYrR7efQdcubeaZn3LOZQswYemBJtx/s57mgD7sooooAKKKKACiiigD4p/4KzfBST4pfsv3Gv2MRk1TwbdDVlVQuWtiNlwMnnAUrJwefK78V+Ftf1IeMvC9n448Ia54c1AyCw1ixn0+4MTbX8uWNo32nscMcGv5e9a09tI1m/sWWRWtbiSArKu1wVYrhh2PHSgD+i79iOaO4/ZF+ETRSJKo8N2alkYMNwjAYcdwQQR2IIr26vlf/gmFrS61+xL8PdqKn2QXlqdpPJW7m55A55r6ooAKKKKACiiigAooooAKx7jw60/iyz1watqUS29pLaHS45lFnNvZG810K5Mi7MKwYYDsMHPGxRQAUUUUAFFFFAHnv7Q9prOofAX4i2nhy2urzX7nw9fwWEFjjz3ne3dYwmSPm3EV/M7dWs1lcy29xFJBcQuY5IpVKujA4KkHkEHjBr+qSvF/ip+xv8ABz4xW2ujxF4D0hr/AFuSKW91aztkt753jbcHE6gOrHkMQfmBIOaAPzH/AOCW37F6fEr4hw/EPxvZ6hZ6R4f+zapo9hcWMiQapIzyeXOJWXY8cbwtlVJJYLnA4b9oKxPBXgvRPh14V0zw14b06HSND02IQWllBnZEgJOBkknkk5JySa26ACiiigAooooAKKKKACiiigAooooAKKKKACiiigAooooAKKKKACiiigAooooAKKKKACiiigAooooAKKKKACiiigAooooAKKKKACiiigAooooAKKKKACiiigAooooAjuLeO6gkhmRZIpFKOjDIZSMEH2xX81Pxo8Aj4R/tGeLfCcFzNpMGi+IZra1ukJeSCFZj5Uo2nJYJsbAOc+9f0tV+Cf8AwVS+G8nw9/bG8S3Y8pbXxJbW+uW6xuSy718qTdnoTLDK2OmGFAH7ueHbO403w/plpd3kmo3VvaxRTXkq7XndUAaRh2LEE4960K+d/wBgrx1oHjD9mXwNBpfi268V6tZ6VA+rPql6bm+guZNzOshY7ggkEix542RgAnFfRFABRRRQB+b/APwW4021l+DHw81B4wb2DX5IIpNxyscls7OMdDkxR/8AfPvXD/8ABD/xvClx8UfB8kz/AGiRbPVoIWk+XapeKVlXscvCCf8Ad9K6b/guBpFzN8O/hdqiBfsdtqt5bSHd83mSwoyYHcYhk57ceteRf8ESbeFvjp4+na6RJ08OBEtSjbpFa6iLOG6AKVUEHk+YMdDQB+x9FFFABRRRQAUUUUAFfz0f8FEfhh/wqr9rzx7YRWH9n6dqVyusWSB96vHcKHZh6DzfNGO2MV/QvX49f8FuPDFrY/Fz4d6/EAt1qOjT2swEYGRBMGVi3Un9+Rz0CigD33/gi549uvEH7PnifwzcymRPD+tk2ykf6uG4jD7c5/56LKeg+937foRX4+/8ES/H1xp/xU8e+DXuIUsdT0mPUlhZf3jTQSqgKn02Tvkewr9gqACiiigAooooAKKKKACiiigAooooAKKKKACiiigAooooAKKKKACiiigAooooAKKKKACiiigAooooAKKKKACiiigAooooAKKKKACiiigAooooAKKKKACiiigAooooAKKKKACiiigAooooAKKKKACiiigAooooAKKKKACiiigAr80f+C1XwdsdR+Hvg74mWto39sabff2NeTQwbt9rKryRmVx91UkQhc8ZuCOpFfpdXkf7Wnwjk+On7OPj3wTbjN9qOnM1ku/YGuomWaBSc8AyRoDnsaAPhv8A4JmfFLTfCfh/4XQWlkl3/wAJa174M1KfzFiewvLF7vUrd8YzKk0N8yc42GJcE7iB+oFfir/wSc0/R/FnjDxdoHiPVptLtfD72XjOyltrkwTW9xZyNHK4cf8ALJ4p2jlX+NGA7Cv2c0PW9P8AE2i2Gr6TeQ6jpd/Al1a3ls4eKeJ1DI6MOCpUggjsaAL1FFFAH56/8Fq7i0j/AGdfCEU1oZrqTxNH5Fx5hXycW05b5f4sjjnpXzV/wRT1C2tf2jPF9tLMkdxc+GJBDGx5kK3MDNj6Dmvbv+C33iZLf4c/DPw+PJaS71W5vz+8/eKIoQgwv90+eefVR614T/wRbt4JP2lvEksunzXMsfhqYRXaJmO2JuIM7mzxuGQOuaAP2nooooAKKKKACiiigAr8yv8Agtz4k8PReBfhxoNxYtP4omvrm8tLxXKi2tlREmUjHzeYzRY548r3r9Na+Mf+CrHwR0b4mfswav4ruorptd8Fp9u05rYkjbJLCk4kXuuwbs/w7c9M5APy2/4J1/Ei3+F/7YXw+1K9uVtbC9uZNKnkfdtxcRtEmQD/AM9Gj65A69q/oXr+XHwT4kl8G+M9B1+Db5+lahb30e5dw3RSK4yMjPK9M1/ULpt/HqmnWt7CGENzEkyBxhtrAEZ98GgCzRRRQAUUUUAFFFFABRRRQAUUUUAFFFFABRRRQAUUUUAFFFFABRRRQAUUUUAFFFFABRRRQAUUUUAFFFFABRRRQAUUUUAFFFFABRRRQAUUUUAFFFFABRRRQAUUUUAFFFFABRRRQAUUUUAFFFFABRRRQAUUUUAFFFFABRRRQAUUUUAfkvovw4s/2U/+CqkMGv2ENt4K+IL3sWlMp/0dlvVZRCVx0E58rZ0AdTnFfXf/AATp8ctqXwl8Q/D67NwmpfDnxBe+HPs90p86O1SVjbB26MQmU7f6vp3OR/wUc+CF14k8B6P8XvCempdfET4aXUWt2Uksp8t7SBxNMjxkgOF2CTAw3yEA84P5ofsH/txat+zT8V5/7fuHvvA/ie9V9fV18yaOQkgXauQXJTcSy5O4Z/iwaAP3zoqCyvbfUrOC7tJo7m1uI1limiYMkiMMqwI6ggg5qegD8qf+C4lxpXmfCaEKv9uAag5bBz9n/cAD0+8D+Rpf+CHWkzbvi3qn2n9wP7NtjbberH7Q2/P0BGPevn7/AIKzfGLSfip+1JJp+iyxXdp4U09NFluoTuWS4EjySqDnB2NJsP8AtK1fY3/BFj4e3Ph/4E+LvFdzBJCviLWFitmcnbLDbR7dyjH/AD0klXOTnbjjFAH6IUUUUAFFFFABRRRQAVheOvBum/ETwXrvhfWIVuNK1iymsbmNh1jkQqfxwa3aKAP52PjF+w38XPhT8VdS8G2/g3XfFMcU6pZavpGlTy2t7G/+rcMqlVJzhlJ+UgjPGa/fP4LeC7r4c/CLwZ4Wvr+41O80fSLWxmu7o5kkeOJVJPJ7jA5PAHJrtKKACiiigAooooAKKKKACiiigAooooAKKKKACiiigAooooAKKKKACiiigAooooAKKKKACiiigAooooAKKKKACiiigAooooAKKKKACiiigAooooAKKKKACiiigAooooAKKKKACsTxt4x0v4e+D9Z8Ta3M8GkaRaSXt1JHE0jrHGpZtqKCWOBwAMmtuigDD8D+MNP+IPg3RPE2lCcabrFnFfW4uoTFKI5EDKHQ8q2DyK3KKKACiiigAooooAKKKKACiiigAooooAKKKKAI7i3iureSCeNJoZFKPHIoZWUjBBB6givw0/4KQfsLn9mrxdH4s8F6deS/DbWGLMx+dNKumdj9mJ6iPbt2M3XlSSRk/ufVbUtNs9YsZrK/tIL6zmG2W3uYxJG49GUggj60Afj38Kf+C0PjPwvb6RpnizwFoWr6VaRLbySaMz2M2xcBSqEvGMKMbQFB45Wut+Pn/BaD+3vB11pPwo8K6hoesXcZjOt660Re0BBBaKJGYFx8pDM2Ac/Ka93+MH/BIf4SfErx5b+INFvr/wAC2DAC90XRoYvs0u1NqmIEfuTkAtwwPOApOa+fvBv/AARB1yTWbseLPibp9tpMcg+znRtPkmnnTdzvEhRYjt9PMwT3xyAfCvwF+BPjX9qn4rReHfD0Eup6jdSG71PUrmT5beEyDzbiaQ57t7sxPAJr+jP4e+BNI+GHgfQvCWgW5ttG0azjsrWJmLMI0UAEk9SepPck1yH7Pv7N/gb9mfwRF4a8E6UtrEcNd6hOFe8vpOfnmkAG4jJwOAoOAAK9QoAKKKKACiiigAooooAKKKKACiiigAooooAKKKKACiiigAooooAKKKKACiiigAooooAKKKKACiiigAooooAKKKKACiiigAooooAKKKKACiiigAooooAKKKKACiiigAooooAKKKKACiiigAooooAKKKKACs7XvEOl+FtNfUdY1C20uwR442ubuVY4wzuERck4yzMqgdywA61o1l+I/C+k+LtNWw1rT4NSs1uIbpYbhdyiWGVZYnHoyuisD6qKANSua8Fat4l1RtfHiTQoND+y6tPbaabe7FwL2xUKYblsAeWzZYGM8qV75zXS0UAFFFFABRRRQAUUUUAFFFFABRRRQAUUUUAFFFFABRRRQAUUUUAFFFFABRRRQAUUUUAFFFFABRRRQAUUUUAFFFFABRRRQAUUUUAFFFFABRRRQAUUUUAFFFZ+qWmoXN1pj2WoLZQwXPmXcTQCT7VF5br5YJI2HeyPuGfuYx81AGhRRRQAUUUUAFR3Ful1C0UgJRhggEg/mKkooAKKKKACiiigAooooAKKKKACiiigAooooAKKKKACiiigAooooAKKKKACiikZtqk4JwM4HU0ALRXL/Dfx2vxH8Lx62uha54b3TzQNp/iGy+yXaNHI0ZJTJ+UlcqwJBBBrqKACiiigAooooAKKKKACiiigAooooAKKKKACiiigAooooAKKKKACiiigAooooAKKKKACiiigAooooAKKKKACiiigAooooAKKKKACiiigAooooAKKKKACiiigAooqOeFbiFo33bW4O1ip/MHIoAkooooAKKKKACiiigAooooAKjhMhhQzBVl2jeEJKg98EgZFSUUAFFFFABRRRQAUUUUAFFFFABRRRQAUUUUAFFFFABRRRQAUUUUAFFFFABRRRQAUUUUAFFFFABRRRQAUUUUAFFFFABRRRQAUUUUAFFFFABRRRQAUUUUAFFFFABRRRQAUUUUAFFFFABRRRQAUUVUk1ayj1SHTHuoV1CaF7iO1LgSPGjKruF6kAugJ7bh60AW6KKKACiiigAooooAKKyR4W01fFR8RiKUaubP7AZftEnlmHfvx5W7y87h97buxxnHFa1ABRRRQAUUUUAFFFFABRRRQAUUUUAFFFFABRRRQAUUUUAFFFFABRRRQAUVnaN4i0vxF9u/sy/t7/wCw3UljdfZ5A/kzpjfE2OjDIyO2a0aACiiigAooooAKKKKACiiigAooooAKKKKACiiigAooooAKKKKACiiigAooooAKKKKACiiigAooooAKKKKACiiigAooooAKKKKACiiigAooooAKKKKACiiigAooooAKKKKACm+WvmB9o3gYDY5x6U6igAooooAKKKKACiiigAooooAKKKKACiiigAooooAKKKKAKti160l39sS3SMTYtvIdmJi2ry+QMNu3cDIxjnrVqiigAooooAKKKKACiuTuPHF1D8UrTwiPDepy2dxpL6mfEMaqbKJ1lEf2dzncJCGDDjBAPoa6ygAooooAKKKKAI4oI4N/lxrHvYu21QNzHqT6mpKKKACiiigAooooAKKKKACiiigAooooAKKKKACiiigAooooAKKKKACiiigAooooAKKKKACiiigAooooAKKKKACiiigCOYSFR5TKrbhneCRtzyOo5xmpKKKACiiigApsm7y22Y34+Xd0z706igDH8J/29/wj9p/wk404a4AwuTpJk+zE7jtKeZ8wyuMg5wcjJ61sUUUAFFIzBRknA96ZPCLiF4yzKGGC0bFWH0I5BoAkooooAKKKKACiiigAooooAKKKKACiiigAoqK6hNzazQiWSAyIyCWIgOmRjcuQRkdsinRIY40QszlQBubqfc+9AD6KKKACiiigAooooAKKKKACiiigAooooAKKjklKSRKI3cOSCy4wvBOTz+HHrUlABRRRQAUUUUAFFFFABRRRQAUU1pFUqGYKWOFBPU4zgU6gAooooAKKKKACiiigAooooAKKKKACiiigAooooAKK5/x14i1Lwr4buNR0nw3f+Lb9GVY9K02WCKWTcwGd0zogAzkkt0HANbyMWVSVKkjJU9R7UAOooooAKKKKACiiigAooooAKKKKACiiigAooooAKKKKAKmq6taaHp8t9fTrbWkWC8r5wuSAM/iRVuiigAooooAKKKKACiiigCG6s4L6MR3MMc8YdZAsihhuUhlOD3BAI9xU1FFAFXS9Vstc0221DTruC/sLqNZYLq2kEkcqEZDKwOCCO4q1UMFpDbM7RRLGXxu2jGcDA/SpqACiiigAooqCezjuJreV9++By6bZGUZKleQDhhgng5GcHqBQBPRRRQAUUUUAFFFFABRRRQAUUUUAFFFFABXgX7UH7ZHhL9lz+yYdX0/UfEOo3eLm507RlWS4srAMVe9lUniIOAgJwCxxmvfa+P8A4pfsQ+Mvj78XLrWviH8W7qbwAv2yztfC+gaethOdPn2MLaa7Rg0i744mZXVwfKHTccAH1N4L8YaX8QfCGi+JtDuPtej6xZxX1nPtKl4pEDqSDyDgjg1tVz3g/wAA6H4DtTb6LZm1RoLe3bdK7kpBCsMQ+YnGERRxjPJPJJq9q1jqd3faVLY6othbW85kvLdrYSm7j2MBGGJHl4Yq24Z+7jvQBp0UUUAFFFct4w8Ua7oGreHrXSPCF54ktdQuxb317bXdvCmmRcZmkWR1Z1AzxGGPGMcigDqaKKKACiiigAooooAKKKKACiiigCKa1huJIXlhjleF98TOoJRsFdynscEjI7E1LRRQAUUUUAFFFFABRRRQAUUUUAFFFFABRRRQAUUUUAFFFFABRRRQAUUUUAFFFFABRRRQAUUUUAFFFFABRRRQAUUUUAFFFFABRRRQAUUUUAFFFFABRRRQAUUUUAFFFFABRRRQAUUUUAFFFFABRRRQAUUUUAFFFFABRRRQAUUUUAFFFFABRRRQAVxHxU+Mfhn4N2Oh3XiWe6jXW9Vh0Wwjs7OW5kmupQxRAsakjhGOTxxXb0140k27lVtp3DcM4PrQA6iiigAooooAKKKKACiiigAooooAKKKKACiiigAooooAKKKKACiiigAooooAKKKKACiiigAooooAKKKKACiiigAooooAKKKKACimrIrMyhgWXqAeRTqACiiigAooooAKgvrVry3aJbiW1JKnzYCAwwwOOQRg4weOhNT0UAFQSXXl3kFv5Mreart5qplE244Y9id3Hrg+lT0UAFFFFABRRRQAUUUUAFFFFABRRRQAUUUUAFFFFABRRRQAVzum+PtH1bxxrfhK2lmbW9Gtra7vImgdY1jn8zyishG1ifKfIBJGBnGa6KigBKbDIJokkUMFdQw3KVOD6g8g+xp9FABRRRQAUUUUAFFFZ2i+ILDxEl49hK0y2l1JZzFonjxLGcOo3AbgD/EMg9iaANGiiigAooooAKKKKAMi+8KaVqXiTSteubXzNW0uOaG0uPMceUswUSDaDtOdi9QcY4xWvRRQAUUUUAFFFFABRRRQAUUUUAFFFFABRRRQAUUUUAFFFFABRRRQAUUUUAFFFFABRRRQAUUUUAFFFFABRRRQAUUUUAFFFFABRRRQAxYkR3dUVXfG5gOWx0zT6KKACiiigAooooAKKKKACiiigAooooAKKKKACiiigAooooAKKKKACiqmr3N1Z6Te3FjZnUb2GB5ILMSrEZ5ApKx724XccDJ4Gc1LZzSz2kEs0BtpnRWeFmDGNiMlcjg4PGRQBNRRRQAUUUUAFFFFABRRRQAUUUUAFFFFABRRRQAUUUUAFFFFABRRRQAUUUUAFFFFABRRRQAUUUUAFFFFABRRRQAUUUUAFFFFABRRRQAUUUUAFFFFABRRRQAUUUUAFFFFABRRRQAUUUUAFFFFABRRRQAUUUUAFFFFABRRRQAUUUUAFFFFABRRRQAUUUUAFFFFABRRRQBHPCtxC8TlwrjBMblG/BgQR9QakoooAKKKKACiiigAooooAKKKKACiiigAooooAKKKKACiiigAooooAKKKKACiiigAooooAKKKKACiiigAqC0s47KN0jaVg8jynzpXkOWYsQCxJAyeFHAGAAAMVPRQAUUUUAFFFFABRRRQAUUUUAFFFFABRRRQAUUUUAFFFFABRRRQAUUUUAFFFFABRRRQAUUUUAFFFFABRRRQAUUUUAFFFFABRRRQAUUUUAFFFFABRRRQAUUUUAFFFFABRRRQAUUUUAFFFFABRRRQAUUUUAFFFFABRRRQAUUUUAFFFFABRRRQAUUUUAFFFFABRRRQAUUUUAFFFFABRRRQAUUUUAFFFFABRRRQAUUUUAFFFFABRRRQAUUUUAFFFFABRRRQAUUUUAf/2Q==','admin','admin','2017-05-19 09:48:40','2017-05-19 09:48:40'),('director','signature_file_type','image/jpeg','','admin','admin','2017-05-19 09:48:40','2017-05-19 09:48:40'),('director1','signature','','/9j/4AAQSkZJRgABAQEAlgCWAAD/2wBDAAMCAgMCAgMDAwMEAwMEBQgFBQQEBQoHBwYIDAoMDAsKCwsNDhIQDQ4RDgsLEBYQERMUFRUVDA8XGBYUGBIUFRT/2wBDAQMEBAUEBQkFBQkUDQsNFBQUFBQUFBQUFBQUFBQUFBQUFBQUFBQUFBQUFBQUFBQUFBQUFBQUFBQUFBQUFBQUFBT/wAARCAHjAngDASIAAhEBAxEB/8QAHwAAAQUBAQEBAQEAAAAAAAAAAAECAwQFBgcICQoL/8QAtRAAAgEDAwIEAwUFBAQAAAF9AQIDAAQRBRIhMUEGE1FhByJxFDKBkaEII0KxwRVS0fAkM2JyggkKFhcYGRolJicoKSo0NTY3ODk6Q0RFRkdISUpTVFVWV1hZWmNkZWZnaGlqc3R1dnd4eXqDhIWGh4iJipKTlJWWl5iZmqKjpKWmp6ipqrKztLW2t7i5usLDxMXGx8jJytLT1NXW19jZ2uHi4+Tl5ufo6erx8vP09fb3+Pn6/8QAHwEAAwEBAQEBAQEBAQAAAAAAAAECAwQFBgcICQoL/8QAtREAAgECBAQDBAcFBAQAAQJ3AAECAxEEBSExBhJBUQdhcRMiMoEIFEKRobHBCSMzUvAVYnLRChYkNOEl8RcYGRomJygpKjU2Nzg5OkNERUZHSElKU1RVVldYWVpjZGVmZ2hpanN0dXZ3eHl6goOEhYaHiImKkpOUlZaXmJmaoqOkpaanqKmqsrO0tba3uLm6wsPExcbHyMnK0tPU1dbX2Nna4uPk5ebn6Onq8vP09fb3+Pn6/9oADAMBAAIRAxEAPwD9U6KKKACiiigAooooAKKKKACiiigAooooAKKKKACiiigAooooAKKKKACiiigAooooAKKKKACiiigAooooAKKKKACiiigAooooAKKKKACiiigAooooAKKKKACiiigAooooAKKKKACiiigAooooAKKKKACiiigAooooAKKKKACiiigAooooAKKKKACiiigAooooAKKKKACiiigAooooAKKKKACiiigAooooAKKKKACiiigAooooAKKKKACiiigAooooAKKKKACiiigAooooAKKKKACiiigAooooAKKKKACiiigAooooAKKKKACiiigAooooAKKKKACiiigAooooAKKKKACiiigAooooAKKKKACiiigAooooAKKKKACiiigAooooAKKKKACiiigAooooAKKKKACiiigAooooAKKKKACiiigAooooAKKKKACiiigAooooAKKKKACiiigAooooAKKKKACiiigAooooAKKKKACiiigAooooAKKKKACiiigAooooAKKKKACiiigAooooAKKKKACiiigAooooAKKKKACiiigAooooAKKKKACiiigAooooAKKKKACiiigAooooAKKKKACiiigAooooAKKKKACiiigAooooAKKKKACiiigAooooAKKKKACiiigAooooAKKKKACiiigAooooAKKKKACiiigAooooAKKKKACiiigAooooAKKKKACiiigAooooAKKKq6hqlnpUccl7dwWcckiwo9xIqBpGOFQEnlieAOpoAtUUUUAFFFFABRRRQBX1C8Gn2FzdGKacQRNKYrdC8j7QTtVR1Y4wB3NSxSebGj7WXcAdrDBGexHrT6KACiiigAooooAKKKKACiiigAooooAKKKKACiiigAooooAKKKKACiiigAooooAKKKKACiiigAooooAKKKKACiiigAooooAKKKKACiiigAooooAKKKKACiiigAooooAKKKKACiiigAooooAKKKKACiiigAooooAKKKKACiiigAooooAKKKKACiiigAooooAK8u+P37O/gr9onw/peneNo7w2mj3yapazWd69s0MqD7xIOCNuRyDgE4wea9RpGUMpVgCpGCD0NADLeWKa3ikgdZYXUMkiNuDKRwQe4x3qSmqqxqqqoVVGAoGAB6U6gAooooAKKKKACiiigAooooAKKKKACiiigAooooAKKKKACiiigAooooAKKKKACiiigAooooAKKKKACiiigAooooAKKKKACiiigAooooAKKKKACiiigAooooAKKKKACiiigAooooAKKKKACiiigAooooAKKKKACiiigAoorN0vWJdSvNTt5NLvbBbKcQpPdLGI7sFFbzItrsSmWK/MFOVPGMEgGlRRRQAUUUUAFFFFABRRRQAUUUUAFFFFABRRRQAUUUUAFFFFABRRRQAUUUUAFFFFABRRRQAUUUUAFFFFABRRRQAUUUUAFFFFABRRRQAUUUUAFFFFABRRRQAUUUUAFFFFABRRRQAUUUUAFFFFABRRRQAUUUUAFFFFABRRRQAUUUUAFFFFABRRRQAUUUUAFFFFABRRRQAUUUUAFFFFABRRRQAUUUUAFFFFABRRRQAUUUUAFFFFABRRRQAUUUUAFFFFABRRRQAUUUUAFFFFABRRRQAUUUUAFFFFABRRRQAUUUUAFFFFABRRRQAUUUUAFFFFABRRRQAUUUUAFFFFABRRRQAUUUUAFFFFABRRRQAUUUUAFFFFABRRRQAUUUUAFFFFABRRRQAUUUUAFFFFABRRRQAUUUUAFFFFABRRRQAUUUUAFFFFABRRRQB8v/t1ftc63+yp4f8AB0nhnwxB4t1zxBqTWy6fM0mfJRAWKLGNxYs8ajqBnocivH/2hf8AgrBpPwftfA7+HvClr4sudd0n7fqNlJqrWtxpEwfY1tMnksRIrrIpDbSCnTBBr7r8UeKNI8FeH77Xdf1G20jR7CIzXV9dyBIoUHVmY9BX5J/tnfso/E66+KHxV+LfgjwTovjvwR4sgFrH9mddWvIldYd97bxp8yOJYThkLFVYggqWoA+o/Bv/AAV4+Bmu+AX1zXJ9V8N61C6xy+HmtHuZ2JJw0UiDY64GSSVI6EcjPsvwY/bk+Cvx6vZ7Hwr40tv7RhWJns9UjexlYyEhVQTBRI24YIQtgkeoz+bnwO/4JB6/8Xvgho/jPUfGUng7xDqkEk8WgaloxIjUSMsRkk80ModAr/cyA3Q15f4w/wCCX3xr+Hvgu98R6tBpUVxDqcWmWGkWd09xe6jJJKscTwiNCiqxbOZGQgKSwFAH72UV+Lfgn/gon8fP2Odd1X4dfFPRj4t1KwuYTJFr92Td20WxfljnQsHV02srHcOc85NfbX7PP/BUr4SfGbTdUfxLfW/w01Ozuljis9bvFK3ULsFjkjkCgE5Pzrj5euSuSAD7KopsciTRrJGyvGwDKynIIPQg06gAooooAKKKKACiiigAooooAKKKKACiiigAooooAKKKKACiiigAooooAKKKKACiiigAooooAKKKKACiiigAooooAKKKKACiiigAooooAKKKKACiiigAooooAKKKKACiiigAooooAKKKKACiiigAooooAKKKKACiiigAooooAKKKKACiiigAooooAKKKKACiiigDnfiJ4B0X4p+Bdc8I+IrZrvRNZtHs7uFXKMUYYyrDkMOCD2IFefeFf2eh8GPguvgT4Sa7c+FfsYuJtPm1JRqMYmkLOBIJAT5e85ITaeT3Jz7HRQB558CbH4m6d4Cjg+LWo6Fqvi1bmXN14djdLZ4CQY8h1X5hyDgY4HvXodFFAHzv8fP2C/hH+0d440vxb4s0i5TW7R4zcTadceR/aEaY2xXHB3LhQuRtYDgMK/Ob9qr/AIJL+Nfh7quv+JPhpLB4i8EW9tJqBtLq4WO/tURd0iYwFlxhiu3BIGMZxn9oaKAPwA+Gv7VXxr/Yl8ZWGhm+1pLWKO2udU8J+JlDQSKy7lEOSzRK0TJh0Kk8ZBCgV+2v7Pn7QXhH9pb4cWfjLwfdSS2UrmG4tbhQtxaTLjdFKoJwRkEEEgggg4NfNn/BQD/gn/pn7RNrf+PNA1BNC8ZWVgBdBrM3CahDAGZFAQGRZACVBQHcNqkHAI/PT9mv4xfH39k/4D+IPH/g220g/D+48RLpWow6rCkk0V+iITlMrIoKFUPJAz0B5oA/eiivGP2Sf2ldN/ar+Ddh42sbD+x7pppLS+0w3CzG2nQ8jcMHawIYZAOG6d69noAKKKKACiiigAooooAKKKKACiiigAooooAKKKKACiiigAooooAKKKKACiiigAooooAKKKKACiiigAooooAKKKKACiiigAooooAKKKKACiiigAooooAKKKKACiiigAooooAKKKKACiiigAooooAKKKKACiiigAooooAKKKKACiiigAooooAKKKKACiiigAooooAKKKKACiiigArzP4xfCHwb4w+G+v6fq3geDxLYmZtcl0OyRYW1K9jXcpbBVZJHKqvz5B4z0r0yigD+e3X/ABt4l/ZY8VaX4u+HPiS4+HnijXLm9n1X4f2ryv8A2BHHcFILW7WYfvdwDOqyKSE2nncDX7GfsYftheHP2uPh22oWIOneKdKWOHWtIlILQyMDtlQgYaN9rEHsQQemT5/+2R+w14e+JmoXXxd8OaLFqHxO0ea21b+z7xGuLXXY7RDiwkhJC/vQqLuIJyqjoTX5aaP+2K3w1/a+vfjD4B8H2XhfSGc26+EYWNvam28hYTHIIgBnKiTpgSAHBxigD+g1rhEmjiJIkkBKjB7Yzz+IqSsXwb4w0jx/4V0rxFoV9DqOk6lbR3VtcQtlWR1DL9Dgjg8itqgAooooAKKKKACiiigAooooAKKKKACiiigAooooAKKKbJIsUbO7BEUZZmOAB6mgB1FfGn7RP/BU74Q/BKW/0jRLmT4geJ4EYLbaM6mzSUPtMctzkgEYJ+QP0xxmvhzxt+2v+0x+3Nqw8JfDHQrzw/pzwsZrDwxIySSBdrM0165XaBxgAoPmAO4kZAP2uor5D/YP/ZF8dfAG21DxH8S/H+reKPFWpQC2XSv7VnubCxiJVjkSHEk25cbsYUZC53En68oAKKKKACiiigAooooAKKKKACiiigAooooAKKKKACiiigAooooAKKKKACiiigAooooAKKKKACiiigAooooAKKKKACiiigAooooAKKKKACiiigAooooAKKKKACiiigAooooAKKKKACiiigAooooAKKKKACvyZ/4KmfsGnSLi5+MXw50WKHSym7xFo+m2xHlPl3e/ABwFI2hwFABG85yxH6zVU1bSbLXtKvNM1K0hvtOvYXt7m1uEDxzROpV0ZTwVIJBB6g0Afg3/AME3P2sk/Zq+NcVn4hvrpPAviRV0++jNwEtrKZpE8u9dW4wnzKxyMI7HnaBX702d5b6hZwXVrPHc2s6LLFPC4dJEYZVlYcEEEEEdc1+CP/BRT9jmP9lP4pW03h1LyfwJ4gR7rT5ZoyVs5d7b7PzMndsXYVLclWGclST9Zf8ABHn9qrUvEEF78FvEd9byQaXaG78OtKcXDJ5jNPb5/jC7w691UMOVA2gH6hUVn6/4g0zwrot7rGs6hbaVpVlE09ze3kqxQwxqMlmZiAAPU1+ZX7Tn/BZCPR9Q1Tw58HNGt9RaFzCvizUyWgfjl4LfALc5wznHH3SKAP0+vL+206Hzbu4itYs7fMmcIufTJryPxh+2L8EPAaTnWfil4YheEKzw22oJdSgM20fu4izHkc4HHU4Ffz7+PPij8Rf2gPFD3vibXNa8Y6xcMNsTs8uOcKscKjagy2AqKB83Tmu+8L/sGftAeMLEXen/AAs1xIWTzFF+iWbuuAcqkzIzDDDkDqcdaAP3I8B/tk/BD4lSmHw/8TvDtzcbtot7m7FpKxyo4SbYx5YAYHJNewwzx3UKSwyLLE43LIjBlYeoI61/OD4o/Yx+OXg2+Fpqnws8TLMbZ7vNpYNdJ5SffbfFuXjjIznkcc1h+F/jR8WvgZdz6Toni/xV4MmhJSbTI7ye2EZO0kNCSAD8q9RnigD+l6ivyp/Y9/4K8TS3tr4X+OkkKW3lCODxfa2zB/MzwLqKMYwQQN8ajBHKnJYfpz4J8caB8SPCuneJPDGrW2t6FqEfm219aPujkXOD9CCCCDgggggEUAbtFFFABRRRQAUUVyvxO+KPhb4N+DL/AMVeMdZt9D0OyXMlzcNjc38KIvV3bGAqgknoKANjxF4k0vwjot5q+tahbaVpdnE01xd3cojjjRQSWLHgYANfh7+25/wUk8WftG3mreE/Cc0vhv4YmQItui7LvUlU8PcPnIUnkRLgdN24iuH/AG3f24PEf7XXi5YVSTRvAelzu2k6Nu+ZsgL59xg4aUgcDogYqM5Zm+wf+Ccf/BNu0/snSfip8WNJuU1MXUV9oOgXBURiJVJWa6iZSSWYqyoSMbAWB3YAB49+wb/wTL1D45SS+LPinZat4c8FRopsbHY1tdaqzKGDqzLlYQCPmAyxOARgmv2I+Hfw58OfCfwdpvhXwnpUOi6Dp6eXb2kGSF5ySSSSzE5JYkknrXSUUAFFFFABRRRQAUUUUAFFFFABRRRQAUUUUAFFFFABRRRQAUUUUAFFFFABRRRQAUUUUAFFFFABRRRQAUUUUAFFFFABRRRQAUUUUAFFFFABRRRQAUUUUAFFFFABRRRQAUUUUAFFFFABRRRQAUUUUAFFFFABRRRQAUUUUAeFftrfs9QftMfs8+I/CYRjrMCf2nozLjIvoVYxLzxhwzREnoJCeor+fj4b+Pte+C3xM0PxXozPZa94fv1uUSTcnzI2HikAIO1huRlyMqzDvX9NHijxPpXgvw7qOu65fQ6ZpGnwPc3V3cMFSKNQSzE/QV/Pd8SreX9sD9o34h+Jfh34O+waZP8AaNWOmWMsKS+Ui4a5ZJGXLO+JZAmSu9zg4zQBp/tOft3fFT9rdoNF1SSPSfDm5TH4b0NXEM8gxhpMktKdwyAxwvYZ5r339jH/AIJQ618TktPFnxfjvPDfhSeBLiy0e2lWO+vNxyPNyCYE29iN53fw4zXMf8Eg7XQbH9r68tdYC3GsxaNeRaU8IWeDz1ZPMcSAnB8oSBWHBDNzyM/t5QBxnwx+Dfgj4MaDBo3gnwxpvh2xiTZizgCySe8kh+eRuOWYkn1rrzbxG4WcxIZ1UoJdo3BSQSM9cEgcewqSigArz74qfAD4d/GvTLyz8aeD9I103MBtjeXFon2uNO3lz48xCDyCrDBr0GigD8Ef23/+CeviL9ksnxJY6kniL4fXd4lpa3zDbd28jq7LHOgGOAhHmKcE44UnFZX7CP7bOs/so/EKCDU7q81D4cai5TVNHjYuIWbb/pUKEgCVdoB/vLkHnaR+9XjHwdovxA8L6n4c8R6bb6vompQNb3dldJuSVD2PoQcEEcggEYIFfgp+3d+xBqX7H/jDT5LO+k1zwRrRf+zNSmUCaORAC8EwAwHGQQw4Yc4BDAAH74+F/Eum+MvDela/o10l9pOqWsd5aXMf3ZYpFDIw+oIrTr8ev+CVX7cafD/Vrf4OeOtQEfhzUp/+JBqNzIFSwuGyWt3ZjxHI2Nv91zjo+V/YWgAooooAK/D3/gqp+1ZqPxg+M978O9LvceCfCFz5Pkx423WoKpWaZj3CbmjUdBhj/FX6Hf8ABTj486h8Cv2X9Sk0LUp9K8SeIbqLR7C6tgRJEGy8zKwPyHykcBhyCwxzyPxw/ZL/AGe9X/ad+OWh+EbFf9CMgvNWvJM7YLNGBlYnB+Zh8i+rOvbJoA+jv+CUP7L/AIQ+OnxB1zxL4uktdRh8KvbXNnoouGWZrjzA6TSRgYeEbCpBPJ4Ix1/bWsbw74N0DwfbJb6Fomn6PAkSwrHY2qQgRqMKvygcAdBWuZEWQIWUORkLnk0AOooooAKKKKACiiigAooooAKKKKACiiigAooooAKKKKACiiigAooooAKKKKACiiigAooooAKKKKACiiigAooooAKKKKACiiigAooooAKKKKACiiigAooooAKKKKACiiigAooooAKKKKACiiigAooooAKKKKACiiigAoorlPit8RtN+EXw18S+NNYDvpuhWE1/NHFjfIEUkIueNzHCjPGSKAPza/4LM/tJNDHo3wV0sQssqxa1rM2CXXBYQQjsM4Mh78J0BOfKf2Af+CeunftHfBXx34z8T/upL6CfSvCjGaSNYLxFybt9n3kV9iBTnOJeM7TXylPdeMv2wP2iEM9z9u8W+MtWWJHupfki3kKi5OMJGgAAH8KAAV/Q/wDBf4bW/wAHvhP4T8FWptpI9D02Gyaa0t/s8c0iKA8ojydpd9znJJyxySeaAP53dc8O/EL9j/45Q2upwz+HPGfhu7hul8icFXAKyIyuhw8brj2IJBHUV/RX8L/id4d+L3gnS/FHhfVrXWNLvoElWa1fOxmUMUZT8yMM8qwBHcV8Of8ABWz9mPwl4u8Ap8X7vW08M67oUK2E8jW0k66lGxbyINqfdfzXwHPAVm3dBjxn/gih8XbfSvGnjj4bXEEhm1e2j1m1uPMGxTB+7kQqT95hKhBA6Ic9BQB+ulFFFABRRRQAV5h+0d+z/wCG/wBpj4U6r4I8Sx7IrgebZ3yoGlsbpQRHPHnuMkEd1Zl6GvSby6Sxs57mQSNHDG0jCKNpHIAydqqCWPHQAk9qdbzC5t4plV1WRQ4WRCjDIzgqeQfY0AfzBfE74c658I/H+u+DvEdqbPWtHumtbiPsSOQynurKQwPcMDX72/sB/tPQ/tOfATS9SvZrdPFujgadrNpHMGfzEGEnKn5gJVAbnjdvAJ218of8Fjf2WzqWmWPxv0G3zNYrFpviGNABmEttguT6kMyxHqcNH2U18Yf8E9f2ij+zj+0loeo3bD/hHtdK6Jq3mSbEihlkTbOe37twrEn+HeO9AH9CVFIrBlBByDyCK8k/a0+Kd58Ff2b/AIgeNNNx/aWmaYxtGKbgs8jLFExGRwHkUnnoPwoA/Jn/AIK0ftHp8XvjxH4K0i5Wbw74JD2heMgrNfPg3DZ9F2pH9Uf1r6a/4Ir/AAr1rwv4F8e+MNY0KbTrXXprOHS726iMbXUMaymRkBHMe6RMMOCQfSvyS0HSbzxd4m07TIPMudQ1S8jto8fO8kkjhR1PJJb15r+njwJ4Ug8B+B/D3hq2me4ttG06306KaQANIsMSxhjjjJC5oA3a4O6+CfhW8+M9n8U5bW4fxfaaS2iwz/an8lbdnLn91nbuyT82Oh9hjvKKACiiigAooooAKKKKACiiigAooooAKKKKACiiigAooooAKKKKACiiigAooooAKKKKACiiigAooooAKKKKACiiigAooooAKKKKACiiigAooooAKKKKACiiigAooooAKKKKACiiigAooooAKKKKACiiigAooooAKKKKACvzh/4LPfG248LfDHwv8OdL1J7W58RXLXmpQRKwMtnFwql+m0ykEr1Pljt1/R6vwR/4KqeMrnxX+2h4utZbhJ7XRLez021EchdUUQJK69SAfMlkyBjn3zQB73/wRj/Z+u9S8YeIPi5qmmo2kWFu+kaRcTEEm6YoZnRcZ+WP5N3A/eMOecfrnXzz/wAE/PAMvw3/AGP/AIbaVc2k1leTWDahPFcIFkD3EjzfMAPSRQM8gAA9K+hqAOe+IWgHxR4F17S00vStZnubKVILDXIPOsZpth8tZ0/ij37c45xnHNfzhaZ8X9Z+H3x+j+IehaTYeFNY03WDfR6RpKSQWluQ5D26KWLLEw3IVz91iK/per8N/wDgrj8EbL4W/tKp4j0qHyNP8aWZ1SWNQAi3iuUuNvOfm+SQ5H3pD+AB+0vw48cad8TPAPh3xZpMiy6drVhDfQspBwsiBtpx3BJBHYg10dfAX/BG/wCMEfjL9nvU/A0y7L/whfttYybjLb3LPKhwTkYcSrwMY29819+0AFFFFABRRRQBj+MPCelePPCur+HNctEvtH1W1ks7u3kHDxupVh7HB4PY81/Nb8evg7rHwC+LniXwHrgU32j3PliWP7s0TKHilHs0bI2O2cV/TVX5qf8ABYr9mODxF4JsfjLolix1nRjFYa00R4ksmYiOVlxyUkYLu/uuM8KMAH0h/wAE/f2qbX9qL4G2d1dFYPF2gCPTdatg2dzhf3dwO+2VRu9mDjnGT8wf8FsvitPpvhTwB8PLO7aNdSnm1e/hRsb44gI4QwB+6WeQ4IwSgIPFfKv/AASr+MrfCv8Aau0fSpgzab4vhbQ5wqbisjEPAw9P3iKpPo5rX/4LAapeX37YVxb3FtPb29lodjDbPK5KToQ7mRB2G93T6xtQBZ/4JOfs2af8afjddeL9ZlmGm+BXttQitViyl1dOz+SGY8BUMZcjqcL2zX7iV8Rf8Ei/hPf/AA5/ZdbWNV01tPvfFWpNqkDSMpaaz8qNIHwOVBw5APZs/wAVfbtABRRRQAUUUUAFFFFABRRRQAUUUUAFFFFABRRRQAUV86/D/wDa1Txd+118QPgpqWjwaE/h+zguNOubq6AuNSYqryFIzwV2SIy4JO1WJ6/L9FUAFFFFABRRRQAUUUUAFFFFABRRRQAUUUUAFFFFABRRRQAUUUUAFFFFABRRRQAUUUUAFFFFABRRRQAUUUUAFFFFABRRRQAUUUUAFFFFABRRRQAUUUUAFFFFABRRRQA2SRYY2dztRQWJ9AK/mk+Juo23xi/aQ8UXuky7LPxR4quZLSWfPyx3F2xjLY54Div6PviBrEvh3wH4k1WCNJp7HTLm6jjkztZkiZgDjnBI7V/NP8H7WfUvjB4JgtoWmuZ9dsljijGSzG4TAFAH9MPhLw3aeDfCuj6Bp4kFjpdnDZQebIZH8uNAi7mPLHCjk9a1qKKACvhL/gsH8K9M8Xfsyp4wmium1jwnfRNaPAfk8u4kjimEgx93hCDxgqOeSD921xfxq+Hcfxa+EfjHwZIyJ/bmlXNgkkmdqSPGQjHHOA208elAH4xf8Ej/AIsW3w6/art9FvVRbfxdp8ukJM7lfLmBE0Xsdxi2fVxj0P7o1/ML4J13UfhN8VtF1YSzadqfh3WIpmeMYkikhmBbgg8gqeCPqO1f052N5FqFnb3UBLQzxrKjEEEqwyOD04NAE9FFFABRRRQAVznxI8C6d8UPh/4i8I6upOm65YTafOVALKsiFdy5/iGcj3Aro6KAP5kS3ib9nT41MYmbT/FXg7WjtZlPyz28vcHGVJX8QfetX9pf44X/AO0V8bPE3jy9WaGPUp/9Es55S5tbZQFiiHYYUc44yWPevpv/AIK8fA+6+Hv7Ri+NoLVo9D8ZW4mW4a4DlryFVSddvVAFMJ9PmOD2HxLpNvptxFqLajezWckVqz2iw24lE8+5QI2O4bF2l23c/dAxzkAH9Cf/AAT60i50T9jH4UW92ytK+k/aQUYsNksskqDPqEdcjseK+ha8U/Yo/wCTR/hD/wBizY/+ilr2ugAooooAKKKKACiiigAooooAKKKKACiiigAqG6vILC3ee5njt4E+9JK4VRk45J96lZgilmIVVGSTwBX5Y/8ABYD9rDS77QtP+DvhLxAt5cSzi78Sx2RV4ljXa9vbu+Dlt+JCoPGxM9aAKH7UemzfD3/grp8MNf0dpNQvdel0qee1s5v3sYbdZyK3Hyjyo9xHdSfWv1er+cXxp8an+MX7QXgzxhbWVxoOoRJoljMVvGkJntYoIDNG2AUDeWGC5JHJySa/o6oAKKKKACiiigAooooAKKiurqKxtZrm4kWGCFGkkkY4CqBkk+wFPjkWaNXRgyMAysOhB70AOooooAKKKKACiiigAooooAKKKKACiiigAooooAKKKKACiiigAooooAKKKKACiiigAooooAKKKKACiiigAoopGG4EHoaAFopkMK28KRIMIihVBJPAGByafQAUUUUAFFFFAHnP7R9vZ3X7PnxLh1B7mOyk8N6iszWYYzBPs0mSgUElvTANfz0/syaNea/+0R8NrKx0iPXrl/EFk402VwiXCpMrurMeAu1WyfTNf0ZfFi3mvPhb4xgt42muJdGvEjjjGWZjA4AA9Sa/ng/ZBvdV0v8Aak+F1zo1tcXl/D4gtG+z2oQyyR+YPNVd5C5Me8ckUAf0k0UUUAFFFFAH87H7ffgW7+H/AO1/8TrC6ighF3q0mpwLbY2eTc4nj4HQ4kGR6g1+2n7D/wAQrj4ofsn/AA01+9lM98+lJaXMjOHZpIGaBmYju3l7uefm55r80v8Ags58L7vw78fvD/jdbeNdM8SaUtuZo1ILXNsdr7z0J8t4cey+1fWn/BHPxlb+IP2U7jRYrR7efQdcubeaZn3LOZQswYemBJtx/s57mgD7sooooAKKKKACiiigD4p/4KzfBST4pfsv3Gv2MRk1TwbdDVlVQuWtiNlwMnnAUrJwefK78V+Ftf1IeMvC9n448Ia54c1AyCw1ixn0+4MTbX8uWNo32nscMcGv5e9a09tI1m/sWWRWtbiSArKu1wVYrhh2PHSgD+i79iOaO4/ZF+ETRSJKo8N2alkYMNwjAYcdwQQR2IIr26vlf/gmFrS61+xL8PdqKn2QXlqdpPJW7m55A55r6ooAKKKKACiiigAooooAKx7jw60/iyz1watqUS29pLaHS45lFnNvZG810K5Mi7MKwYYDsMHPGxRQAUUUUAFFFFAHnv7Q9prOofAX4i2nhy2urzX7nw9fwWEFjjz3ne3dYwmSPm3EV/M7dWs1lcy29xFJBcQuY5IpVKujA4KkHkEHjBr+qSvF/ip+xv8ABz4xW2ujxF4D0hr/AFuSKW91aztkt753jbcHE6gOrHkMQfmBIOaAPzH/AOCW37F6fEr4hw/EPxvZ6hZ6R4f+zapo9hcWMiQapIzyeXOJWXY8cbwtlVJJYLnA4b9oKxPBXgvRPh14V0zw14b06HSND02IQWllBnZEgJOBkknkk5JySa26ACiiigAooooAKKKKACiiigAooooAKKKKACiiigAooooAKKKKACiiigAooooAKKKKACiiigAooooAKKKKACiiigAooooAKKKKACiiigAooooAKKKKACiiigAooooAjuLeO6gkhmRZIpFKOjDIZSMEH2xX81Pxo8Aj4R/tGeLfCcFzNpMGi+IZra1ukJeSCFZj5Uo2nJYJsbAOc+9f0tV+Cf8AwVS+G8nw9/bG8S3Y8pbXxJbW+uW6xuSy718qTdnoTLDK2OmGFAH7ueHbO403w/plpd3kmo3VvaxRTXkq7XndUAaRh2LEE4960K+d/wBgrx1oHjD9mXwNBpfi268V6tZ6VA+rPql6bm+guZNzOshY7ggkEix542RgAnFfRFABRRRQB+b/APwW4021l+DHw81B4wb2DX5IIpNxyscls7OMdDkxR/8AfPvXD/8ABD/xvClx8UfB8kz/AGiRbPVoIWk+XapeKVlXscvCCf8Ad9K6b/guBpFzN8O/hdqiBfsdtqt5bSHd83mSwoyYHcYhk57ceteRf8ESbeFvjp4+na6RJ08OBEtSjbpFa6iLOG6AKVUEHk+YMdDQB+x9FFFABRRRQAUUUUAFfz0f8FEfhh/wqr9rzx7YRWH9n6dqVyusWSB96vHcKHZh6DzfNGO2MV/QvX49f8FuPDFrY/Fz4d6/EAt1qOjT2swEYGRBMGVi3Un9+Rz0CigD33/gi549uvEH7PnifwzcymRPD+tk2ykf6uG4jD7c5/56LKeg+937foRX4+/8ES/H1xp/xU8e+DXuIUsdT0mPUlhZf3jTQSqgKn02Tvkewr9gqACiiigAooooAKKKKACiiigAooooAKKKKACiiigAooooAKKKKACiiigAooooAKKKKACiiigAooooAKKKKACiiigAooooAKKKKACiiigAooooAKKKKACiiigAooooAKKKKACiiigAooooAKKKKACiiigAooooAKKKKACiiigAr80f+C1XwdsdR+Hvg74mWto39sabff2NeTQwbt9rKryRmVx91UkQhc8ZuCOpFfpdXkf7Wnwjk+On7OPj3wTbjN9qOnM1ku/YGuomWaBSc8AyRoDnsaAPhv8A4JmfFLTfCfh/4XQWlkl3/wAJa174M1KfzFiewvLF7vUrd8YzKk0N8yc42GJcE7iB+oFfir/wSc0/R/FnjDxdoHiPVptLtfD72XjOyltrkwTW9xZyNHK4cf8ALJ4p2jlX+NGA7Cv2c0PW9P8AE2i2Gr6TeQ6jpd/Al1a3ls4eKeJ1DI6MOCpUggjsaAL1FFFAH56/8Fq7i0j/AGdfCEU1oZrqTxNH5Fx5hXycW05b5f4sjjnpXzV/wRT1C2tf2jPF9tLMkdxc+GJBDGx5kK3MDNj6Dmvbv+C33iZLf4c/DPw+PJaS71W5vz+8/eKIoQgwv90+eefVR614T/wRbt4JP2lvEksunzXMsfhqYRXaJmO2JuIM7mzxuGQOuaAP2nooooAKKKKACiiigAr8yv8Agtz4k8PReBfhxoNxYtP4omvrm8tLxXKi2tlREmUjHzeYzRY548r3r9Na+Mf+CrHwR0b4mfswav4ruorptd8Fp9u05rYkjbJLCk4kXuuwbs/w7c9M5APy2/4J1/Ei3+F/7YXw+1K9uVtbC9uZNKnkfdtxcRtEmQD/AM9Gj65A69q/oXr+XHwT4kl8G+M9B1+Db5+lahb30e5dw3RSK4yMjPK9M1/ULpt/HqmnWt7CGENzEkyBxhtrAEZ98GgCzRRRQAUUUUAFFFFABRRRQAUUUUAFFFFABRRRQAUUUUAFFFFABRRRQAUUUUAFFFFABRRRQAUUUUAFFFFABRRRQAUUUUAFFFFABRRRQAUUUUAFFFFABRRRQAUUUUAFFFFABRRRQAUUUUAFFFFABRRRQAUUUUAFFFFABRRRQAUUUUAfkvovw4s/2U/+CqkMGv2ENt4K+IL3sWlMp/0dlvVZRCVx0E58rZ0AdTnFfXf/AATp8ctqXwl8Q/D67NwmpfDnxBe+HPs90p86O1SVjbB26MQmU7f6vp3OR/wUc+CF14k8B6P8XvCempdfET4aXUWt2Uksp8t7SBxNMjxkgOF2CTAw3yEA84P5ofsH/txat+zT8V5/7fuHvvA/ie9V9fV18yaOQkgXauQXJTcSy5O4Z/iwaAP3zoqCyvbfUrOC7tJo7m1uI1limiYMkiMMqwI6ggg5qegD8qf+C4lxpXmfCaEKv9uAag5bBz9n/cAD0+8D+Rpf+CHWkzbvi3qn2n9wP7NtjbberH7Q2/P0BGPevn7/AIKzfGLSfip+1JJp+iyxXdp4U09NFluoTuWS4EjySqDnB2NJsP8AtK1fY3/BFj4e3Ph/4E+LvFdzBJCviLWFitmcnbLDbR7dyjH/AD0klXOTnbjjFAH6IUUUUAFFFFABRRRQAVheOvBum/ETwXrvhfWIVuNK1iymsbmNh1jkQqfxwa3aKAP52PjF+w38XPhT8VdS8G2/g3XfFMcU6pZavpGlTy2t7G/+rcMqlVJzhlJ+UgjPGa/fP4LeC7r4c/CLwZ4Wvr+41O80fSLWxmu7o5kkeOJVJPJ7jA5PAHJrtKKACiiigAooooAKKKKACiiigAooooAKKKKACiiigAooooAKKKKACiiigAooooAKKKKACiiigAooooAKKKKACiiigAooooAKKKKACiiigAooooAKKKKACiiigAooooAKKKKACsTxt4x0v4e+D9Z8Ta3M8GkaRaSXt1JHE0jrHGpZtqKCWOBwAMmtuigDD8D+MNP+IPg3RPE2lCcabrFnFfW4uoTFKI5EDKHQ8q2DyK3KKKACiiigAooooAKKKKACiiigAooooAKKKKAI7i3iureSCeNJoZFKPHIoZWUjBBB6givw0/4KQfsLn9mrxdH4s8F6deS/DbWGLMx+dNKumdj9mJ6iPbt2M3XlSSRk/ufVbUtNs9YsZrK/tIL6zmG2W3uYxJG49GUggj60Afj38Kf+C0PjPwvb6RpnizwFoWr6VaRLbySaMz2M2xcBSqEvGMKMbQFB45Wut+Pn/BaD+3vB11pPwo8K6hoesXcZjOt660Re0BBBaKJGYFx8pDM2Ac/Ka93+MH/BIf4SfErx5b+INFvr/wAC2DAC90XRoYvs0u1NqmIEfuTkAtwwPOApOa+fvBv/AARB1yTWbseLPibp9tpMcg+znRtPkmnnTdzvEhRYjt9PMwT3xyAfCvwF+BPjX9qn4rReHfD0Eup6jdSG71PUrmT5beEyDzbiaQ57t7sxPAJr+jP4e+BNI+GHgfQvCWgW5ttG0azjsrWJmLMI0UAEk9SepPck1yH7Pv7N/gb9mfwRF4a8E6UtrEcNd6hOFe8vpOfnmkAG4jJwOAoOAAK9QoAKKKKACiiigAooooAKKKKACiiigAooooAKKKKACiiigAooooAKKKKACiiigAooooAKKKKACiiigAooooAKKKKACiiigAooooAKKKKACiiigAooooAKKKKACiiigAooooAKKKKACiiigAooooAKKKKACs7XvEOl+FtNfUdY1C20uwR442ubuVY4wzuERck4yzMqgdywA61o1l+I/C+k+LtNWw1rT4NSs1uIbpYbhdyiWGVZYnHoyuisD6qKANSua8Fat4l1RtfHiTQoND+y6tPbaabe7FwL2xUKYblsAeWzZYGM8qV75zXS0UAFFFFABRRRQAUUUUAFFFFABRRRQAUUUUAFFFFABRRRQAUUUUAFFFFABRRRQAUUUUAFFFFABRRRQAUUUUAFFFFABRRRQAUUUUAFFFFABRRRQAUUUUAFFFZ+qWmoXN1pj2WoLZQwXPmXcTQCT7VF5br5YJI2HeyPuGfuYx81AGhRRRQAUUUUAFR3Ful1C0UgJRhggEg/mKkooAKKKKACiiigAooooAKKKKACiiigAooooAKKKKACiiigAooooAKKKKACiikZtqk4JwM4HU0ALRXL/Dfx2vxH8Lx62uha54b3TzQNp/iGy+yXaNHI0ZJTJ+UlcqwJBBBrqKACiiigAooooAKKKKACiiigAooooAKKKKACiiigAooooAKKKKACiiigAooooAKKKKACiiigAooooAKKKKACiiigAooooAKKKKACiiigAooooAKKKKACiiigAooqOeFbiFo33bW4O1ip/MHIoAkooooAKKKKACiiigAooooAKjhMhhQzBVl2jeEJKg98EgZFSUUAFFFFABRRRQAUUUUAFFFFABRRRQAUUUUAFFFFABRRRQAUUUUAFFFFABRRRQAUUUUAFFFFABRRRQAUUUUAFFFFABRRRQAUUUUAFFFFABRRRQAUUUUAFFFFABRRRQAUUUUAFFFFABRRRQAUUVUk1ayj1SHTHuoV1CaF7iO1LgSPGjKruF6kAugJ7bh60AW6KKKACiiigAooooAKKyR4W01fFR8RiKUaubP7AZftEnlmHfvx5W7y87h97buxxnHFa1ABRRRQAUUUUAFFFFABRRRQAUUUUAFFFFABRRRQAUUUUAFFFFABRRRQAUVnaN4i0vxF9u/sy/t7/wCw3UljdfZ5A/kzpjfE2OjDIyO2a0aACiiigAooooAKKKKACiiigAooooAKKKKACiiigAooooAKKKKACiiigAooooAKKKKACiiigAooooAKKKKACiiigAooooAKKKKACiiigAooooAKKKKACiiigAooooAKKKKACm+WvmB9o3gYDY5x6U6igAooooAKKKKACiiigAooooAKKKKACiiigAooooAKKKKAKti160l39sS3SMTYtvIdmJi2ry+QMNu3cDIxjnrVqiigAooooAKKKKACiuTuPHF1D8UrTwiPDepy2dxpL6mfEMaqbKJ1lEf2dzncJCGDDjBAPoa6ygAooooAKKKKAI4oI4N/lxrHvYu21QNzHqT6mpKKKACiiigAooooAKKKKACiiigAooooAKKKKACiiigAooooAKKKKACiiigAooooAKKKKACiiigAooooAKKKKACiiigCOYSFR5TKrbhneCRtzyOo5xmpKKKACiiigApsm7y22Y34+Xd0z706igDH8J/29/wj9p/wk404a4AwuTpJk+zE7jtKeZ8wyuMg5wcjJ61sUUUAFFIzBRknA96ZPCLiF4yzKGGC0bFWH0I5BoAkooooAKKKKACiiigAooooAKKKKACiiigAoqK6hNzazQiWSAyIyCWIgOmRjcuQRkdsinRIY40QszlQBubqfc+9AD6KKKACiiigAooooAKKKKACiiigAooooAKKjklKSRKI3cOSCy4wvBOTz+HHrUlABRRRQAUUUUAFFFFABRRRQAUU1pFUqGYKWOFBPU4zgU6gAooooAKKKKACiiigAooooAKKKKACiiigAooooAKK5/x14i1Lwr4buNR0nw3f+Lb9GVY9K02WCKWTcwGd0zogAzkkt0HANbyMWVSVKkjJU9R7UAOooooAKKKKACiiigAooooAKKKKACiiigAooooAKKKKAKmq6taaHp8t9fTrbWkWC8r5wuSAM/iRVuiigAooooAKKKKACiiigCG6s4L6MR3MMc8YdZAsihhuUhlOD3BAI9xU1FFAFXS9Vstc0221DTruC/sLqNZYLq2kEkcqEZDKwOCCO4q1UMFpDbM7RRLGXxu2jGcDA/SpqACiiigAooqCezjuJreV9++By6bZGUZKleQDhhgng5GcHqBQBPRRRQAUUUUAFFFFABRRRQAUUUUAFFFFABXgX7UH7ZHhL9lz+yYdX0/UfEOo3eLm507RlWS4srAMVe9lUniIOAgJwCxxmvfa+P8A4pfsQ+Mvj78XLrWviH8W7qbwAv2yztfC+gaethOdPn2MLaa7Rg0i744mZXVwfKHTccAH1N4L8YaX8QfCGi+JtDuPtej6xZxX1nPtKl4pEDqSDyDgjg1tVz3g/wAA6H4DtTb6LZm1RoLe3bdK7kpBCsMQ+YnGERRxjPJPJJq9q1jqd3faVLY6othbW85kvLdrYSm7j2MBGGJHl4Yq24Z+7jvQBp0UUUAFFFct4w8Ua7oGreHrXSPCF54ktdQuxb317bXdvCmmRcZmkWR1Z1AzxGGPGMcigDqaKKKACiiigAooooAKKKKACiiigCKa1huJIXlhjleF98TOoJRsFdynscEjI7E1LRRQAUUUUAFFFFABRRRQAUUUUAFFFFABRRRQAUUUUAFFFFABRRRQAUUUUAFFFFABRRRQAUUUUAFFFFABRRRQAUUUUAFFFFABRRRQAUUUUAFFFFABRRRQAUUUUAFFFFABRRRQAUUUUAFFFFABRRRQAUUUUAFFFFABRRRQAUUUUAFFFFABRRRQAVxHxU+Mfhn4N2Oh3XiWe6jXW9Vh0Wwjs7OW5kmupQxRAsakjhGOTxxXb0140k27lVtp3DcM4PrQA6iiigAooooAKKKKACiiigAooooAKKKKACiiigAooooAKKKKACiiigAooooAKKKKACiiigAooooAKKKKACiiigAooooAKKKKACimrIrMyhgWXqAeRTqACiiigAooooAKgvrVry3aJbiW1JKnzYCAwwwOOQRg4weOhNT0UAFQSXXl3kFv5Mreart5qplE244Y9id3Hrg+lT0UAFFFFABRRRQAUUUUAFFFFABRRRQAUUUUAFFFFABRRRQAVzum+PtH1bxxrfhK2lmbW9Gtra7vImgdY1jn8zyishG1ifKfIBJGBnGa6KigBKbDIJokkUMFdQw3KVOD6g8g+xp9FABRRRQAUUUUAFFFZ2i+ILDxEl49hK0y2l1JZzFonjxLGcOo3AbgD/EMg9iaANGiiigAooooAKKKKAMi+8KaVqXiTSteubXzNW0uOaG0uPMceUswUSDaDtOdi9QcY4xWvRRQAUUUUAFFFFABRRRQAUUUUAFFFFABRRRQAUUUUAFFFFABRRRQAUUUUAFFFFABRRRQAUUUUAFFFFABRRRQAUUUUAFFFFABRRRQAxYkR3dUVXfG5gOWx0zT6KKACiiigAooooAKKKKACiiigAooooAKKKKACiiigAooooAKKKKACiqmr3N1Z6Te3FjZnUb2GB5ILMSrEZ5ApKx724XccDJ4Gc1LZzSz2kEs0BtpnRWeFmDGNiMlcjg4PGRQBNRRRQAUUUUAFFFFABRRRQAUUUUAFFFFABRRRQAUUUUAFFFFABRRRQAUUUUAFFFFABRRRQAUUUUAFFFFABRRRQAUUUUAFFFFABRRRQAUUUUAFFFFABRRRQAUUUUAFFFFABRRRQAUUUUAFFFFABRRRQAUUUUAFFFFABRRRQAUUUUAFFFFABRRRQAUUUUAFFFFABRRRQBHPCtxC8TlwrjBMblG/BgQR9QakoooAKKKKACiiigAooooAKKKKACiiigAooooAKKKKACiiigAooooAKKKKACiiigAooooAKKKKACiiigAqC0s47KN0jaVg8jynzpXkOWYsQCxJAyeFHAGAAAMVPRQAUUUUAFFFFABRRRQAUUUUAFFFFABRRRQAUUUUAFFFFABRRRQAUUUUAFFFFABRRRQAUUUUAFFFFABRRRQAUUUUAFFFFABRRRQAUUUUAFFFFABRRRQAUUUUAFFFFABRRRQAUUUUAFFFFABRRRQAUUUUAFFFFABRRRQAUUUUAFFFFABRRRQAUUUUAFFFFABRRRQAUUUUAFFFFABRRRQAUUUUAFFFFABRRRQAUUUUAFFFFABRRRQAUUUUAFFFFABRRRQAUUUUAf/2Q==','admin','admin','2017-05-12 10:28:21','2017-05-19 09:48:25'),('director1','signature_file_type','image/jpeg','','admin','admin','2017-05-12 10:28:21','2017-05-12 10:28:21'),('manager','signature','','/9j/4AAQSkZJRgABAQEAlgCWAAD/2wBDAAMCAgMCAgMDAwMEAwMEBQgFBQQEBQoHBwYIDAoMDAsKCwsNDhIQDQ4RDgsLEBYQERMUFRUVDA8XGBYUGBIUFRT/2wBDAQMEBAUEBQkFBQkUDQsNFBQUFBQUFBQUFBQUFBQUFBQUFBQUFBQUFBQUFBQUFBQUFBQUFBQUFBQUFBQUFBQUFBT/wAARCAHjAngDASIAAhEBAxEB/8QAHwAAAQUBAQEBAQEAAAAAAAAAAAECAwQFBgcICQoL/8QAtRAAAgEDAwIEAwUFBAQAAAF9AQIDAAQRBRIhMUEGE1FhByJxFDKBkaEII0KxwRVS0fAkM2JyggkKFhcYGRolJicoKSo0NTY3ODk6Q0RFRkdISUpTVFVWV1hZWmNkZWZnaGlqc3R1dnd4eXqDhIWGh4iJipKTlJWWl5iZmqKjpKWmp6ipqrKztLW2t7i5usLDxMXGx8jJytLT1NXW19jZ2uHi4+Tl5ufo6erx8vP09fb3+Pn6/8QAHwEAAwEBAQEBAQEBAQAAAAAAAAECAwQFBgcICQoL/8QAtREAAgECBAQDBAcFBAQAAQJ3AAECAxEEBSExBhJBUQdhcRMiMoEIFEKRobHBCSMzUvAVYnLRChYkNOEl8RcYGRomJygpKjU2Nzg5OkNERUZHSElKU1RVVldYWVpjZGVmZ2hpanN0dXZ3eHl6goOEhYaHiImKkpOUlZaXmJmaoqOkpaanqKmqsrO0tba3uLm6wsPExcbHyMnK0tPU1dbX2Nna4uPk5ebn6Onq8vP09fb3+Pn6/9oADAMBAAIRAxEAPwD9U6KKKACiiigAooooAKKKKACiiigAooooAKKKKACiiigAooooAKKKKACiiigAooooAKKKKACiiigAooooAKKKKACiiigAooooAKKKKACiiigAooooAKKKKACiiigAooooAKKKKACiiigAooooAKKKKACiiigAooooAKKKKACiiigAooooAKKKKACiiigAooooAKKKKACiiigAooooAKKKKACiiigAooooAKKKKACiiigAooooAKKKKACiiigAooooAKKKKACiiigAooooAKKKKACiiigAooooAKKKKACiiigAooooAKKKKACiiigAooooAKKKKACiiigAooooAKKKKACiiigAooooAKKKKACiiigAooooAKKKKACiiigAooooAKKKKACiiigAooooAKKKKACiiigAooooAKKKKACiiigAooooAKKKKACiiigAooooAKKKKACiiigAooooAKKKKACiiigAooooAKKKKACiiigAooooAKKKKACiiigAooooAKKKKACiiigAooooAKKKKACiiigAooooAKKKKACiiigAooooAKKKKACiiigAooooAKKKKACiiigAooooAKKKKACiiigAooooAKKKKACiiigAooooAKKKKACiiigAooooAKKKKACiiigAooooAKKKKACiiigAooooAKKKKACiiigAooooAKKKKACiiigAooooAKKKKACiiigAooooAKKKq6hqlnpUccl7dwWcckiwo9xIqBpGOFQEnlieAOpoAtUUUUAFFFFABRRRQBX1C8Gn2FzdGKacQRNKYrdC8j7QTtVR1Y4wB3NSxSebGj7WXcAdrDBGexHrT6KACiiigAooooAKKKKACiiigAooooAKKKKACiiigAooooAKKKKACiiigAooooAKKKKACiiigAooooAKKKKACiiigAooooAKKKKACiiigAooooAKKKKACiiigAooooAKKKKACiiigAooooAKKKKACiiigAooooAKKKKACiiigAooooAKKKKACiiigAooooAK8u+P37O/gr9onw/peneNo7w2mj3yapazWd69s0MqD7xIOCNuRyDgE4wea9RpGUMpVgCpGCD0NADLeWKa3ikgdZYXUMkiNuDKRwQe4x3qSmqqxqqqoVVGAoGAB6U6gAooooAKKKKACiiigAooooAKKKKACiiigAooooAKKKKACiiigAooooAKKKKACiiigAooooAKKKKACiiigAooooAKKKKACiiigAooooAKKKKACiiigAooooAKKKKACiiigAooooAKKKKACiiigAooooAKKKKACiiigAoorN0vWJdSvNTt5NLvbBbKcQpPdLGI7sFFbzItrsSmWK/MFOVPGMEgGlRRRQAUUUUAFFFFABRRRQAUUUUAFFFFABRRRQAUUUUAFFFFABRRRQAUUUUAFFFFABRRRQAUUUUAFFFFABRRRQAUUUUAFFFFABRRRQAUUUUAFFFFABRRRQAUUUUAFFFFABRRRQAUUUUAFFFFABRRRQAUUUUAFFFFABRRRQAUUUUAFFFFABRRRQAUUUUAFFFFABRRRQAUUUUAFFFFABRRRQAUUUUAFFFFABRRRQAUUUUAFFFFABRRRQAUUUUAFFFFABRRRQAUUUUAFFFFABRRRQAUUUUAFFFFABRRRQAUUUUAFFFFABRRRQAUUUUAFFFFABRRRQAUUUUAFFFFABRRRQAUUUUAFFFFABRRRQAUUUUAFFFFABRRRQAUUUUAFFFFABRRRQAUUUUAFFFFABRRRQAUUUUAFFFFABRRRQAUUUUAFFFFABRRRQB8v/t1ftc63+yp4f8AB0nhnwxB4t1zxBqTWy6fM0mfJRAWKLGNxYs8ajqBnocivH/2hf8AgrBpPwftfA7+HvClr4sudd0n7fqNlJqrWtxpEwfY1tMnksRIrrIpDbSCnTBBr7r8UeKNI8FeH77Xdf1G20jR7CIzXV9dyBIoUHVmY9BX5J/tnfso/E66+KHxV+LfgjwTovjvwR4sgFrH9mddWvIldYd97bxp8yOJYThkLFVYggqWoA+o/Bv/AAV4+Bmu+AX1zXJ9V8N61C6xy+HmtHuZ2JJw0UiDY64GSSVI6EcjPsvwY/bk+Cvx6vZ7Hwr40tv7RhWJns9UjexlYyEhVQTBRI24YIQtgkeoz+bnwO/4JB6/8Xvgho/jPUfGUng7xDqkEk8WgaloxIjUSMsRkk80ModAr/cyA3Q15f4w/wCCX3xr+Hvgu98R6tBpUVxDqcWmWGkWd09xe6jJJKscTwiNCiqxbOZGQgKSwFAH72UV+Lfgn/gon8fP2Odd1X4dfFPRj4t1KwuYTJFr92Td20WxfljnQsHV02srHcOc85NfbX7PP/BUr4SfGbTdUfxLfW/w01Ozuljis9bvFK3ULsFjkjkCgE5Pzrj5euSuSAD7KopsciTRrJGyvGwDKynIIPQg06gAooooAKKKKACiiigAooooAKKKKACiiigAooooAKKKKACiiigAooooAKKKKACiiigAooooAKKKKACiiigAooooAKKKKACiiigAooooAKKKKACiiigAooooAKKKKACiiigAooooAKKKKACiiigAooooAKKKKACiiigAooooAKKKKACiiigAooooAKKKKACiiigDnfiJ4B0X4p+Bdc8I+IrZrvRNZtHs7uFXKMUYYyrDkMOCD2IFefeFf2eh8GPguvgT4Sa7c+FfsYuJtPm1JRqMYmkLOBIJAT5e85ITaeT3Jz7HRQB558CbH4m6d4Cjg+LWo6Fqvi1bmXN14djdLZ4CQY8h1X5hyDgY4HvXodFFAHzv8fP2C/hH+0d440vxb4s0i5TW7R4zcTadceR/aEaY2xXHB3LhQuRtYDgMK/Ob9qr/AIJL+Nfh7quv+JPhpLB4i8EW9tJqBtLq4WO/tURd0iYwFlxhiu3BIGMZxn9oaKAPwA+Gv7VXxr/Yl8ZWGhm+1pLWKO2udU8J+JlDQSKy7lEOSzRK0TJh0Kk8ZBCgV+2v7Pn7QXhH9pb4cWfjLwfdSS2UrmG4tbhQtxaTLjdFKoJwRkEEEgggg4NfNn/BQD/gn/pn7RNrf+PNA1BNC8ZWVgBdBrM3CahDAGZFAQGRZACVBQHcNqkHAI/PT9mv4xfH39k/4D+IPH/g220g/D+48RLpWow6rCkk0V+iITlMrIoKFUPJAz0B5oA/eiivGP2Sf2ldN/ar+Ddh42sbD+x7pppLS+0w3CzG2nQ8jcMHawIYZAOG6d69noAKKKKACiiigAooooAKKKKACiiigAooooAKKKKACiiigAooooAKKKKACiiigAooooAKKKKACiiigAooooAKKKKACiiigAooooAKKKKACiiigAooooAKKKKACiiigAooooAKKKKACiiigAooooAKKKKACiiigAooooAKKKKACiiigAooooAKKKKACiiigAooooAKKKKACiiigArzP4xfCHwb4w+G+v6fq3geDxLYmZtcl0OyRYW1K9jXcpbBVZJHKqvz5B4z0r0yigD+e3X/ABt4l/ZY8VaX4u+HPiS4+HnijXLm9n1X4f2ryv8A2BHHcFILW7WYfvdwDOqyKSE2nncDX7GfsYftheHP2uPh22oWIOneKdKWOHWtIlILQyMDtlQgYaN9rEHsQQemT5/+2R+w14e+JmoXXxd8OaLFqHxO0ea21b+z7xGuLXXY7RDiwkhJC/vQqLuIJyqjoTX5aaP+2K3w1/a+vfjD4B8H2XhfSGc26+EYWNvam28hYTHIIgBnKiTpgSAHBxigD+g1rhEmjiJIkkBKjB7Yzz+IqSsXwb4w0jx/4V0rxFoV9DqOk6lbR3VtcQtlWR1DL9Dgjg8itqgAooooAKKKKACiiigAooooAKKKKACiiigAooooAKKKbJIsUbO7BEUZZmOAB6mgB1FfGn7RP/BU74Q/BKW/0jRLmT4geJ4EYLbaM6mzSUPtMctzkgEYJ+QP0xxmvhzxt+2v+0x+3Nqw8JfDHQrzw/pzwsZrDwxIySSBdrM0165XaBxgAoPmAO4kZAP2uor5D/YP/ZF8dfAG21DxH8S/H+reKPFWpQC2XSv7VnubCxiJVjkSHEk25cbsYUZC53En68oAKKKKACiiigAooooAKKKKACiiigAooooAKKKKACiiigAooooAKKKKACiiigAooooAKKKKACiiigAooooAKKKKACiiigAooooAKKKKACiiigAooooAKKKKACiiigAooooAKKKKACiiigAooooAKKKKACvyZ/4KmfsGnSLi5+MXw50WKHSym7xFo+m2xHlPl3e/ABwFI2hwFABG85yxH6zVU1bSbLXtKvNM1K0hvtOvYXt7m1uEDxzROpV0ZTwVIJBB6g0Afg3/AME3P2sk/Zq+NcVn4hvrpPAviRV0++jNwEtrKZpE8u9dW4wnzKxyMI7HnaBX702d5b6hZwXVrPHc2s6LLFPC4dJEYZVlYcEEEEEdc1+CP/BRT9jmP9lP4pW03h1LyfwJ4gR7rT5ZoyVs5d7b7PzMndsXYVLclWGclST9Zf8ABHn9qrUvEEF78FvEd9byQaXaG78OtKcXDJ5jNPb5/jC7w691UMOVA2gH6hUVn6/4g0zwrot7rGs6hbaVpVlE09ze3kqxQwxqMlmZiAAPU1+ZX7Tn/BZCPR9Q1Tw58HNGt9RaFzCvizUyWgfjl4LfALc5wznHH3SKAP0+vL+206Hzbu4itYs7fMmcIufTJryPxh+2L8EPAaTnWfil4YheEKzw22oJdSgM20fu4izHkc4HHU4Ffz7+PPij8Rf2gPFD3vibXNa8Y6xcMNsTs8uOcKscKjagy2AqKB83Tmu+8L/sGftAeMLEXen/AAs1xIWTzFF+iWbuuAcqkzIzDDDkDqcdaAP3I8B/tk/BD4lSmHw/8TvDtzcbtot7m7FpKxyo4SbYx5YAYHJNewwzx3UKSwyLLE43LIjBlYeoI61/OD4o/Yx+OXg2+Fpqnws8TLMbZ7vNpYNdJ5SffbfFuXjjIznkcc1h+F/jR8WvgZdz6Toni/xV4MmhJSbTI7ye2EZO0kNCSAD8q9RnigD+l6ivyp/Y9/4K8TS3tr4X+OkkKW3lCODxfa2zB/MzwLqKMYwQQN8ajBHKnJYfpz4J8caB8SPCuneJPDGrW2t6FqEfm219aPujkXOD9CCCCDgggggEUAbtFFFABRRRQAUUVyvxO+KPhb4N+DL/AMVeMdZt9D0OyXMlzcNjc38KIvV3bGAqgknoKANjxF4k0vwjot5q+tahbaVpdnE01xd3cojjjRQSWLHgYANfh7+25/wUk8WftG3mreE/Cc0vhv4YmQItui7LvUlU8PcPnIUnkRLgdN24iuH/AG3f24PEf7XXi5YVSTRvAelzu2k6Nu+ZsgL59xg4aUgcDogYqM5Zm+wf+Ccf/BNu0/snSfip8WNJuU1MXUV9oOgXBURiJVJWa6iZSSWYqyoSMbAWB3YAB49+wb/wTL1D45SS+LPinZat4c8FRopsbHY1tdaqzKGDqzLlYQCPmAyxOARgmv2I+Hfw58OfCfwdpvhXwnpUOi6Dp6eXb2kGSF5ySSSSzE5JYkknrXSUUAFFFFABRRRQAUUUUAFFFFABRRRQAUUUUAFFFFABRRRQAUUUUAFFFFABRRRQAUUUUAFFFFABRRRQAUUUUAFFFFABRRRQAUUUUAFFFFABRRRQAUUUUAFFFFABRRRQAUUUUAFFFFABRRRQAUUUUAFFFFABRRRQAUUUUAeFftrfs9QftMfs8+I/CYRjrMCf2nozLjIvoVYxLzxhwzREnoJCeor+fj4b+Pte+C3xM0PxXozPZa94fv1uUSTcnzI2HikAIO1huRlyMqzDvX9NHijxPpXgvw7qOu65fQ6ZpGnwPc3V3cMFSKNQSzE/QV/Pd8SreX9sD9o34h+Jfh34O+waZP8AaNWOmWMsKS+Ui4a5ZJGXLO+JZAmSu9zg4zQBp/tOft3fFT9rdoNF1SSPSfDm5TH4b0NXEM8gxhpMktKdwyAxwvYZ5r339jH/AIJQ618TktPFnxfjvPDfhSeBLiy0e2lWO+vNxyPNyCYE29iN53fw4zXMf8Eg7XQbH9r68tdYC3GsxaNeRaU8IWeDz1ZPMcSAnB8oSBWHBDNzyM/t5QBxnwx+Dfgj4MaDBo3gnwxpvh2xiTZizgCySe8kh+eRuOWYkn1rrzbxG4WcxIZ1UoJdo3BSQSM9cEgcewqSigArz74qfAD4d/GvTLyz8aeD9I103MBtjeXFon2uNO3lz48xCDyCrDBr0GigD8Ef23/+CeviL9ksnxJY6kniL4fXd4lpa3zDbd28jq7LHOgGOAhHmKcE44UnFZX7CP7bOs/so/EKCDU7q81D4cai5TVNHjYuIWbb/pUKEgCVdoB/vLkHnaR+9XjHwdovxA8L6n4c8R6bb6vompQNb3dldJuSVD2PoQcEEcggEYIFfgp+3d+xBqX7H/jDT5LO+k1zwRrRf+zNSmUCaORAC8EwAwHGQQw4Yc4BDAAH74+F/Eum+MvDela/o10l9pOqWsd5aXMf3ZYpFDIw+oIrTr8ev+CVX7cafD/Vrf4OeOtQEfhzUp/+JBqNzIFSwuGyWt3ZjxHI2Nv91zjo+V/YWgAooooAK/D3/gqp+1ZqPxg+M978O9LvceCfCFz5Pkx423WoKpWaZj3CbmjUdBhj/FX6Hf8ABTj486h8Cv2X9Sk0LUp9K8SeIbqLR7C6tgRJEGy8zKwPyHykcBhyCwxzyPxw/ZL/AGe9X/ad+OWh+EbFf9CMgvNWvJM7YLNGBlYnB+Zh8i+rOvbJoA+jv+CUP7L/AIQ+OnxB1zxL4uktdRh8KvbXNnoouGWZrjzA6TSRgYeEbCpBPJ4Ix1/bWsbw74N0DwfbJb6Fomn6PAkSwrHY2qQgRqMKvygcAdBWuZEWQIWUORkLnk0AOooooAKKKKACiiigAooooAKKKKACiiigAooooAKKKKACiiigAooooAKKKKACiiigAooooAKKKKACiiigAooooAKKKKACiiigAooooAKKKKACiiigAooooAKKKKACiiigAooooAKKKKACiiigAooooAKKKKACiiigAoorlPit8RtN+EXw18S+NNYDvpuhWE1/NHFjfIEUkIueNzHCjPGSKAPza/4LM/tJNDHo3wV0sQssqxa1rM2CXXBYQQjsM4Mh78J0BOfKf2Af+CeunftHfBXx34z8T/upL6CfSvCjGaSNYLxFybt9n3kV9iBTnOJeM7TXylPdeMv2wP2iEM9z9u8W+MtWWJHupfki3kKi5OMJGgAAH8KAAV/Q/wDBf4bW/wAHvhP4T8FWptpI9D02Gyaa0t/s8c0iKA8ojydpd9znJJyxySeaAP53dc8O/EL9j/45Q2upwz+HPGfhu7hul8icFXAKyIyuhw8brj2IJBHUV/RX8L/id4d+L3gnS/FHhfVrXWNLvoElWa1fOxmUMUZT8yMM8qwBHcV8Of8ABWz9mPwl4u8Ap8X7vW08M67oUK2E8jW0k66lGxbyINqfdfzXwHPAVm3dBjxn/gih8XbfSvGnjj4bXEEhm1e2j1m1uPMGxTB+7kQqT95hKhBA6Ic9BQB+ulFFFABRRRQAV5h+0d+z/wCG/wBpj4U6r4I8Sx7IrgebZ3yoGlsbpQRHPHnuMkEd1Zl6GvSby6Sxs57mQSNHDG0jCKNpHIAydqqCWPHQAk9qdbzC5t4plV1WRQ4WRCjDIzgqeQfY0AfzBfE74c658I/H+u+DvEdqbPWtHumtbiPsSOQynurKQwPcMDX72/sB/tPQ/tOfATS9SvZrdPFujgadrNpHMGfzEGEnKn5gJVAbnjdvAJ218of8Fjf2WzqWmWPxv0G3zNYrFpviGNABmEttguT6kMyxHqcNH2U18Yf8E9f2ij+zj+0loeo3bD/hHtdK6Jq3mSbEihlkTbOe37twrEn+HeO9AH9CVFIrBlBByDyCK8k/a0+Kd58Ff2b/AIgeNNNx/aWmaYxtGKbgs8jLFExGRwHkUnnoPwoA/Jn/AIK0ftHp8XvjxH4K0i5Wbw74JD2heMgrNfPg3DZ9F2pH9Uf1r6a/4Ir/AAr1rwv4F8e+MNY0KbTrXXprOHS726iMbXUMaymRkBHMe6RMMOCQfSvyS0HSbzxd4m07TIPMudQ1S8jto8fO8kkjhR1PJJb15r+njwJ4Ug8B+B/D3hq2me4ttG06306KaQANIsMSxhjjjJC5oA3a4O6+CfhW8+M9n8U5bW4fxfaaS2iwz/an8lbdnLn91nbuyT82Oh9hjvKKACiiigAooooAKKKKACiiigAooooAKKKKACiiigAooooAKKKKACiiigAooooAKKKKACiiigAooooAKKKKACiiigAooooAKKKKACiiigAooooAKKKKACiiigAooooAKKKKACiiigAooooAKKKKACiiigAooooAKKKKACvzh/4LPfG248LfDHwv8OdL1J7W58RXLXmpQRKwMtnFwql+m0ykEr1Pljt1/R6vwR/4KqeMrnxX+2h4utZbhJ7XRLez021EchdUUQJK69SAfMlkyBjn3zQB73/wRj/Z+u9S8YeIPi5qmmo2kWFu+kaRcTEEm6YoZnRcZ+WP5N3A/eMOecfrnXzz/wAE/PAMvw3/AGP/AIbaVc2k1leTWDahPFcIFkD3EjzfMAPSRQM8gAA9K+hqAOe+IWgHxR4F17S00vStZnubKVILDXIPOsZpth8tZ0/ij37c45xnHNfzhaZ8X9Z+H3x+j+IehaTYeFNY03WDfR6RpKSQWluQ5D26KWLLEw3IVz91iK/per8N/wDgrj8EbL4W/tKp4j0qHyNP8aWZ1SWNQAi3iuUuNvOfm+SQ5H3pD+AB+0vw48cad8TPAPh3xZpMiy6drVhDfQspBwsiBtpx3BJBHYg10dfAX/BG/wCMEfjL9nvU/A0y7L/whfttYybjLb3LPKhwTkYcSrwMY29819+0AFFFFABRRRQBj+MPCelePPCur+HNctEvtH1W1ks7u3kHDxupVh7HB4PY81/Nb8evg7rHwC+LniXwHrgU32j3PliWP7s0TKHilHs0bI2O2cV/TVX5qf8ABYr9mODxF4JsfjLolix1nRjFYa00R4ksmYiOVlxyUkYLu/uuM8KMAH0h/wAE/f2qbX9qL4G2d1dFYPF2gCPTdatg2dzhf3dwO+2VRu9mDjnGT8wf8FsvitPpvhTwB8PLO7aNdSnm1e/hRsb44gI4QwB+6WeQ4IwSgIPFfKv/AASr+MrfCv8Aau0fSpgzab4vhbQ5wqbisjEPAw9P3iKpPo5rX/4LAapeX37YVxb3FtPb29lodjDbPK5KToQ7mRB2G93T6xtQBZ/4JOfs2af8afjddeL9ZlmGm+BXttQitViyl1dOz+SGY8BUMZcjqcL2zX7iV8Rf8Ei/hPf/AA5/ZdbWNV01tPvfFWpNqkDSMpaaz8qNIHwOVBw5APZs/wAVfbtABRRRQAUUUUAFFFFABRRRQAUUUUAFFFFABRRRQAUV86/D/wDa1Txd+118QPgpqWjwaE/h+zguNOubq6AuNSYqryFIzwV2SIy4JO1WJ6/L9FUAFFFFABRRRQAUUUUAFFFFABRRRQAUUUUAFFFFABRRRQAUUUUAFFFFABRRRQAUUUUAFFFFABRRRQAUUUUAFFFFABRRRQAUUUUAFFFFABRRRQAUUUUAFFFFABRRRQA2SRYY2dztRQWJ9AK/mk+Juo23xi/aQ8UXuky7LPxR4quZLSWfPyx3F2xjLY54Div6PviBrEvh3wH4k1WCNJp7HTLm6jjkztZkiZgDjnBI7V/NP8H7WfUvjB4JgtoWmuZ9dsljijGSzG4TAFAH9MPhLw3aeDfCuj6Bp4kFjpdnDZQebIZH8uNAi7mPLHCjk9a1qKKACvhL/gsH8K9M8Xfsyp4wmium1jwnfRNaPAfk8u4kjimEgx93hCDxgqOeSD921xfxq+Hcfxa+EfjHwZIyJ/bmlXNgkkmdqSPGQjHHOA208elAH4xf8Ej/AIsW3w6/art9FvVRbfxdp8ukJM7lfLmBE0Xsdxi2fVxj0P7o1/ML4J13UfhN8VtF1YSzadqfh3WIpmeMYkikhmBbgg8gqeCPqO1f052N5FqFnb3UBLQzxrKjEEEqwyOD04NAE9FFFABRRRQAVznxI8C6d8UPh/4i8I6upOm65YTafOVALKsiFdy5/iGcj3Aro6KAP5kS3ib9nT41MYmbT/FXg7WjtZlPyz28vcHGVJX8QfetX9pf44X/AO0V8bPE3jy9WaGPUp/9Es55S5tbZQFiiHYYUc44yWPevpv/AIK8fA+6+Hv7Ri+NoLVo9D8ZW4mW4a4DlryFVSddvVAFMJ9PmOD2HxLpNvptxFqLajezWckVqz2iw24lE8+5QI2O4bF2l23c/dAxzkAH9Cf/AAT60i50T9jH4UW92ytK+k/aQUYsNksskqDPqEdcjseK+ha8U/Yo/wCTR/hD/wBizY/+ilr2ugAooooAKKKKACiiigAooooAKKKKACiiigAqG6vILC3ee5njt4E+9JK4VRk45J96lZgilmIVVGSTwBX5Y/8ABYD9rDS77QtP+DvhLxAt5cSzi78Sx2RV4ljXa9vbu+Dlt+JCoPGxM9aAKH7UemzfD3/grp8MNf0dpNQvdel0qee1s5v3sYbdZyK3Hyjyo9xHdSfWv1er+cXxp8an+MX7QXgzxhbWVxoOoRJoljMVvGkJntYoIDNG2AUDeWGC5JHJySa/o6oAKKKKACiiigAooooAKKiurqKxtZrm4kWGCFGkkkY4CqBkk+wFPjkWaNXRgyMAysOhB70AOooooAKKKKACiiigAooooAKKKKACiiigAooooAKKKKACiiigAooooAKKKKACiiigAooooAKKKKACiiigAoopGG4EHoaAFopkMK28KRIMIihVBJPAGByafQAUUUUAFFFFAHnP7R9vZ3X7PnxLh1B7mOyk8N6iszWYYzBPs0mSgUElvTANfz0/syaNea/+0R8NrKx0iPXrl/EFk402VwiXCpMrurMeAu1WyfTNf0ZfFi3mvPhb4xgt42muJdGvEjjjGWZjA4AA9Sa/ng/ZBvdV0v8Aak+F1zo1tcXl/D4gtG+z2oQyyR+YPNVd5C5Me8ckUAf0k0UUUAFFFFAH87H7ffgW7+H/AO1/8TrC6ighF3q0mpwLbY2eTc4nj4HQ4kGR6g1+2n7D/wAQrj4ofsn/AA01+9lM98+lJaXMjOHZpIGaBmYju3l7uefm55r80v8Ags58L7vw78fvD/jdbeNdM8SaUtuZo1ILXNsdr7z0J8t4cey+1fWn/BHPxlb+IP2U7jRYrR7efQdcubeaZn3LOZQswYemBJtx/s57mgD7sooooAKKKKACiiigD4p/4KzfBST4pfsv3Gv2MRk1TwbdDVlVQuWtiNlwMnnAUrJwefK78V+Ftf1IeMvC9n448Ia54c1AyCw1ixn0+4MTbX8uWNo32nscMcGv5e9a09tI1m/sWWRWtbiSArKu1wVYrhh2PHSgD+i79iOaO4/ZF+ETRSJKo8N2alkYMNwjAYcdwQQR2IIr26vlf/gmFrS61+xL8PdqKn2QXlqdpPJW7m55A55r6ooAKKKKACiiigAooooAKx7jw60/iyz1watqUS29pLaHS45lFnNvZG810K5Mi7MKwYYDsMHPGxRQAUUUUAFFFFAHnv7Q9prOofAX4i2nhy2urzX7nw9fwWEFjjz3ne3dYwmSPm3EV/M7dWs1lcy29xFJBcQuY5IpVKujA4KkHkEHjBr+qSvF/ip+xv8ABz4xW2ujxF4D0hr/AFuSKW91aztkt753jbcHE6gOrHkMQfmBIOaAPzH/AOCW37F6fEr4hw/EPxvZ6hZ6R4f+zapo9hcWMiQapIzyeXOJWXY8cbwtlVJJYLnA4b9oKxPBXgvRPh14V0zw14b06HSND02IQWllBnZEgJOBkknkk5JySa26ACiiigAooooAKKKKACiiigAooooAKKKKACiiigAooooAKKKKACiiigAooooAKKKKACiiigAooooAKKKKACiiigAooooAKKKKACiiigAooooAKKKKACiiigAooooAjuLeO6gkhmRZIpFKOjDIZSMEH2xX81Pxo8Aj4R/tGeLfCcFzNpMGi+IZra1ukJeSCFZj5Uo2nJYJsbAOc+9f0tV+Cf8AwVS+G8nw9/bG8S3Y8pbXxJbW+uW6xuSy718qTdnoTLDK2OmGFAH7ueHbO403w/plpd3kmo3VvaxRTXkq7XndUAaRh2LEE4960K+d/wBgrx1oHjD9mXwNBpfi268V6tZ6VA+rPql6bm+guZNzOshY7ggkEix542RgAnFfRFABRRRQB+b/APwW4021l+DHw81B4wb2DX5IIpNxyscls7OMdDkxR/8AfPvXD/8ABD/xvClx8UfB8kz/AGiRbPVoIWk+XapeKVlXscvCCf8Ad9K6b/guBpFzN8O/hdqiBfsdtqt5bSHd83mSwoyYHcYhk57ceteRf8ESbeFvjp4+na6RJ08OBEtSjbpFa6iLOG6AKVUEHk+YMdDQB+x9FFFABRRRQAUUUUAFfz0f8FEfhh/wqr9rzx7YRWH9n6dqVyusWSB96vHcKHZh6DzfNGO2MV/QvX49f8FuPDFrY/Fz4d6/EAt1qOjT2swEYGRBMGVi3Un9+Rz0CigD33/gi549uvEH7PnifwzcymRPD+tk2ykf6uG4jD7c5/56LKeg+937foRX4+/8ES/H1xp/xU8e+DXuIUsdT0mPUlhZf3jTQSqgKn02Tvkewr9gqACiiigAooooAKKKKACiiigAooooAKKKKACiiigAooooAKKKKACiiigAooooAKKKKACiiigAooooAKKKKACiiigAooooAKKKKACiiigAooooAKKKKACiiigAooooAKKKKACiiigAooooAKKKKACiiigAooooAKKKKACiiigAr80f+C1XwdsdR+Hvg74mWto39sabff2NeTQwbt9rKryRmVx91UkQhc8ZuCOpFfpdXkf7Wnwjk+On7OPj3wTbjN9qOnM1ku/YGuomWaBSc8AyRoDnsaAPhv8A4JmfFLTfCfh/4XQWlkl3/wAJa174M1KfzFiewvLF7vUrd8YzKk0N8yc42GJcE7iB+oFfir/wSc0/R/FnjDxdoHiPVptLtfD72XjOyltrkwTW9xZyNHK4cf8ALJ4p2jlX+NGA7Cv2c0PW9P8AE2i2Gr6TeQ6jpd/Al1a3ls4eKeJ1DI6MOCpUggjsaAL1FFFAH56/8Fq7i0j/AGdfCEU1oZrqTxNH5Fx5hXycW05b5f4sjjnpXzV/wRT1C2tf2jPF9tLMkdxc+GJBDGx5kK3MDNj6Dmvbv+C33iZLf4c/DPw+PJaS71W5vz+8/eKIoQgwv90+eefVR614T/wRbt4JP2lvEksunzXMsfhqYRXaJmO2JuIM7mzxuGQOuaAP2nooooAKKKKACiiigAr8yv8Agtz4k8PReBfhxoNxYtP4omvrm8tLxXKi2tlREmUjHzeYzRY548r3r9Na+Mf+CrHwR0b4mfswav4ruorptd8Fp9u05rYkjbJLCk4kXuuwbs/w7c9M5APy2/4J1/Ei3+F/7YXw+1K9uVtbC9uZNKnkfdtxcRtEmQD/AM9Gj65A69q/oXr+XHwT4kl8G+M9B1+Db5+lahb30e5dw3RSK4yMjPK9M1/ULpt/HqmnWt7CGENzEkyBxhtrAEZ98GgCzRRRQAUUUUAFFFFABRRRQAUUUUAFFFFABRRRQAUUUUAFFFFABRRRQAUUUUAFFFFABRRRQAUUUUAFFFFABRRRQAUUUUAFFFFABRRRQAUUUUAFFFFABRRRQAUUUUAFFFFABRRRQAUUUUAFFFFABRRRQAUUUUAFFFFABRRRQAUUUUAfkvovw4s/2U/+CqkMGv2ENt4K+IL3sWlMp/0dlvVZRCVx0E58rZ0AdTnFfXf/AATp8ctqXwl8Q/D67NwmpfDnxBe+HPs90p86O1SVjbB26MQmU7f6vp3OR/wUc+CF14k8B6P8XvCempdfET4aXUWt2Uksp8t7SBxNMjxkgOF2CTAw3yEA84P5ofsH/txat+zT8V5/7fuHvvA/ie9V9fV18yaOQkgXauQXJTcSy5O4Z/iwaAP3zoqCyvbfUrOC7tJo7m1uI1limiYMkiMMqwI6ggg5qegD8qf+C4lxpXmfCaEKv9uAag5bBz9n/cAD0+8D+Rpf+CHWkzbvi3qn2n9wP7NtjbberH7Q2/P0BGPevn7/AIKzfGLSfip+1JJp+iyxXdp4U09NFluoTuWS4EjySqDnB2NJsP8AtK1fY3/BFj4e3Ph/4E+LvFdzBJCviLWFitmcnbLDbR7dyjH/AD0klXOTnbjjFAH6IUUUUAFFFFABRRRQAVheOvBum/ETwXrvhfWIVuNK1iymsbmNh1jkQqfxwa3aKAP52PjF+w38XPhT8VdS8G2/g3XfFMcU6pZavpGlTy2t7G/+rcMqlVJzhlJ+UgjPGa/fP4LeC7r4c/CLwZ4Wvr+41O80fSLWxmu7o5kkeOJVJPJ7jA5PAHJrtKKACiiigAooooAKKKKACiiigAooooAKKKKACiiigAooooAKKKKACiiigAooooAKKKKACiiigAooooAKKKKACiiigAooooAKKKKACiiigAooooAKKKKACiiigAooooAKKKKACsTxt4x0v4e+D9Z8Ta3M8GkaRaSXt1JHE0jrHGpZtqKCWOBwAMmtuigDD8D+MNP+IPg3RPE2lCcabrFnFfW4uoTFKI5EDKHQ8q2DyK3KKKACiiigAooooAKKKKACiiigAooooAKKKKAI7i3iureSCeNJoZFKPHIoZWUjBBB6givw0/4KQfsLn9mrxdH4s8F6deS/DbWGLMx+dNKumdj9mJ6iPbt2M3XlSSRk/ufVbUtNs9YsZrK/tIL6zmG2W3uYxJG49GUggj60Afj38Kf+C0PjPwvb6RpnizwFoWr6VaRLbySaMz2M2xcBSqEvGMKMbQFB45Wut+Pn/BaD+3vB11pPwo8K6hoesXcZjOt660Re0BBBaKJGYFx8pDM2Ac/Ka93+MH/BIf4SfErx5b+INFvr/wAC2DAC90XRoYvs0u1NqmIEfuTkAtwwPOApOa+fvBv/AARB1yTWbseLPibp9tpMcg+znRtPkmnnTdzvEhRYjt9PMwT3xyAfCvwF+BPjX9qn4rReHfD0Eup6jdSG71PUrmT5beEyDzbiaQ57t7sxPAJr+jP4e+BNI+GHgfQvCWgW5ttG0azjsrWJmLMI0UAEk9SepPck1yH7Pv7N/gb9mfwRF4a8E6UtrEcNd6hOFe8vpOfnmkAG4jJwOAoOAAK9QoAKKKKACiiigAooooAKKKKACiiigAooooAKKKKACiiigAooooAKKKKACiiigAooooAKKKKACiiigAooooAKKKKACiiigAooooAKKKKACiiigAooooAKKKKACiiigAooooAKKKKACiiigAooooAKKKKACs7XvEOl+FtNfUdY1C20uwR442ubuVY4wzuERck4yzMqgdywA61o1l+I/C+k+LtNWw1rT4NSs1uIbpYbhdyiWGVZYnHoyuisD6qKANSua8Fat4l1RtfHiTQoND+y6tPbaabe7FwL2xUKYblsAeWzZYGM8qV75zXS0UAFFFFABRRRQAUUUUAFFFFABRRRQAUUUUAFFFFABRRRQAUUUUAFFFFABRRRQAUUUUAFFFFABRRRQAUUUUAFFFFABRRRQAUUUUAFFFFABRRRQAUUUUAFFFZ+qWmoXN1pj2WoLZQwXPmXcTQCT7VF5br5YJI2HeyPuGfuYx81AGhRRRQAUUUUAFR3Ful1C0UgJRhggEg/mKkooAKKKKACiiigAooooAKKKKACiiigAooooAKKKKACiiigAooooAKKKKACiikZtqk4JwM4HU0ALRXL/Dfx2vxH8Lx62uha54b3TzQNp/iGy+yXaNHI0ZJTJ+UlcqwJBBBrqKACiiigAooooAKKKKACiiigAooooAKKKKACiiigAooooAKKKKACiiigAooooAKKKKACiiigAooooAKKKKACiiigAooooAKKKKACiiigAooooAKKKKACiiigAooqOeFbiFo33bW4O1ip/MHIoAkooooAKKKKACiiigAooooAKjhMhhQzBVl2jeEJKg98EgZFSUUAFFFFABRRRQAUUUUAFFFFABRRRQAUUUUAFFFFABRRRQAUUUUAFFFFABRRRQAUUUUAFFFFABRRRQAUUUUAFFFFABRRRQAUUUUAFFFFABRRRQAUUUUAFFFFABRRRQAUUUUAFFFFABRRRQAUUVUk1ayj1SHTHuoV1CaF7iO1LgSPGjKruF6kAugJ7bh60AW6KKKACiiigAooooAKKyR4W01fFR8RiKUaubP7AZftEnlmHfvx5W7y87h97buxxnHFa1ABRRRQAUUUUAFFFFABRRRQAUUUUAFFFFABRRRQAUUUUAFFFFABRRRQAUVnaN4i0vxF9u/sy/t7/wCw3UljdfZ5A/kzpjfE2OjDIyO2a0aACiiigAooooAKKKKACiiigAooooAKKKKACiiigAooooAKKKKACiiigAooooAKKKKACiiigAooooAKKKKACiiigAooooAKKKKACiiigAooooAKKKKACiiigAooooAKKKKACm+WvmB9o3gYDY5x6U6igAooooAKKKKACiiigAooooAKKKKACiiigAooooAKKKKAKti160l39sS3SMTYtvIdmJi2ry+QMNu3cDIxjnrVqiigAooooAKKKKACiuTuPHF1D8UrTwiPDepy2dxpL6mfEMaqbKJ1lEf2dzncJCGDDjBAPoa6ygAooooAKKKKAI4oI4N/lxrHvYu21QNzHqT6mpKKKACiiigAooooAKKKKACiiigAooooAKKKKACiiigAooooAKKKKACiiigAooooAKKKKACiiigAooooAKKKKACiiigCOYSFR5TKrbhneCRtzyOo5xmpKKKACiiigApsm7y22Y34+Xd0z706igDH8J/29/wj9p/wk404a4AwuTpJk+zE7jtKeZ8wyuMg5wcjJ61sUUUAFFIzBRknA96ZPCLiF4yzKGGC0bFWH0I5BoAkooooAKKKKACiiigAooooAKKKKACiiigAoqK6hNzazQiWSAyIyCWIgOmRjcuQRkdsinRIY40QszlQBubqfc+9AD6KKKACiiigAooooAKKKKACiiigAooooAKKjklKSRKI3cOSCy4wvBOTz+HHrUlABRRRQAUUUUAFFFFABRRRQAUU1pFUqGYKWOFBPU4zgU6gAooooAKKKKACiiigAooooAKKKKACiiigAooooAKK5/x14i1Lwr4buNR0nw3f+Lb9GVY9K02WCKWTcwGd0zogAzkkt0HANbyMWVSVKkjJU9R7UAOooooAKKKKACiiigAooooAKKKKACiiigAooooAKKKKAKmq6taaHp8t9fTrbWkWC8r5wuSAM/iRVuiigAooooAKKKKACiiigCG6s4L6MR3MMc8YdZAsihhuUhlOD3BAI9xU1FFAFXS9Vstc0221DTruC/sLqNZYLq2kEkcqEZDKwOCCO4q1UMFpDbM7RRLGXxu2jGcDA/SpqACiiigAooqCezjuJreV9++By6bZGUZKleQDhhgng5GcHqBQBPRRRQAUUUUAFFFFABRRRQAUUUUAFFFFABXgX7UH7ZHhL9lz+yYdX0/UfEOo3eLm507RlWS4srAMVe9lUniIOAgJwCxxmvfa+P8A4pfsQ+Mvj78XLrWviH8W7qbwAv2yztfC+gaethOdPn2MLaa7Rg0i744mZXVwfKHTccAH1N4L8YaX8QfCGi+JtDuPtej6xZxX1nPtKl4pEDqSDyDgjg1tVz3g/wAA6H4DtTb6LZm1RoLe3bdK7kpBCsMQ+YnGERRxjPJPJJq9q1jqd3faVLY6othbW85kvLdrYSm7j2MBGGJHl4Yq24Z+7jvQBp0UUUAFFFct4w8Ua7oGreHrXSPCF54ktdQuxb317bXdvCmmRcZmkWR1Z1AzxGGPGMcigDqaKKKACiiigAooooAKKKKACiiigCKa1huJIXlhjleF98TOoJRsFdynscEjI7E1LRRQAUUUUAFFFFABRRRQAUUUUAFFFFABRRRQAUUUUAFFFFABRRRQAUUUUAFFFFABRRRQAUUUUAFFFFABRRRQAUUUUAFFFFABRRRQAUUUUAFFFFABRRRQAUUUUAFFFFABRRRQAUUUUAFFFFABRRRQAUUUUAFFFFABRRRQAUUUUAFFFFABRRRQAVxHxU+Mfhn4N2Oh3XiWe6jXW9Vh0Wwjs7OW5kmupQxRAsakjhGOTxxXb0140k27lVtp3DcM4PrQA6iiigAooooAKKKKACiiigAooooAKKKKACiiigAooooAKKKKACiiigAooooAKKKKACiiigAooooAKKKKACiiigAooooAKKKKACimrIrMyhgWXqAeRTqACiiigAooooAKgvrVry3aJbiW1JKnzYCAwwwOOQRg4weOhNT0UAFQSXXl3kFv5Mreart5qplE244Y9id3Hrg+lT0UAFFFFABRRRQAUUUUAFFFFABRRRQAUUUUAFFFFABRRRQAVzum+PtH1bxxrfhK2lmbW9Gtra7vImgdY1jn8zyishG1ifKfIBJGBnGa6KigBKbDIJokkUMFdQw3KVOD6g8g+xp9FABRRRQAUUUUAFFFZ2i+ILDxEl49hK0y2l1JZzFonjxLGcOo3AbgD/EMg9iaANGiiigAooooAKKKKAMi+8KaVqXiTSteubXzNW0uOaG0uPMceUswUSDaDtOdi9QcY4xWvRRQAUUUUAFFFFABRRRQAUUUUAFFFFABRRRQAUUUUAFFFFABRRRQAUUUUAFFFFABRRRQAUUUUAFFFFABRRRQAUUUUAFFFFABRRRQAxYkR3dUVXfG5gOWx0zT6KKACiiigAooooAKKKKACiiigAooooAKKKKACiiigAooooAKKKKACiqmr3N1Z6Te3FjZnUb2GB5ILMSrEZ5ApKx724XccDJ4Gc1LZzSz2kEs0BtpnRWeFmDGNiMlcjg4PGRQBNRRRQAUUUUAFFFFABRRRQAUUUUAFFFFABRRRQAUUUUAFFFFABRRRQAUUUUAFFFFABRRRQAUUUUAFFFFABRRRQAUUUUAFFFFABRRRQAUUUUAFFFFABRRRQAUUUUAFFFFABRRRQAUUUUAFFFFABRRRQAUUUUAFFFFABRRRQAUUUUAFFFFABRRRQAUUUUAFFFFABRRRQBHPCtxC8TlwrjBMblG/BgQR9QakoooAKKKKACiiigAooooAKKKKACiiigAooooAKKKKACiiigAooooAKKKKACiiigAooooAKKKKACiiigAqC0s47KN0jaVg8jynzpXkOWYsQCxJAyeFHAGAAAMVPRQAUUUUAFFFFABRRRQAUUUUAFFFFABRRRQAUUUUAFFFFABRRRQAUUUUAFFFFABRRRQAUUUUAFFFFABRRRQAUUUUAFFFFABRRRQAUUUUAFFFFABRRRQAUUUUAFFFFABRRRQAUUUUAFFFFABRRRQAUUUUAFFFFABRRRQAUUUUAFFFFABRRRQAUUUUAFFFFABRRRQAUUUUAFFFFABRRRQAUUUUAFFFFABRRRQAUUUUAFFFFABRRRQAUUUUAFFFFABRRRQAUUUUAf/2Q==','admin','admin','2017-05-12 10:27:41','2017-05-19 09:47:48'),('manager','signature_file_type','image/jpeg','','admin','admin','2017-05-12 10:27:41','2017-05-12 10:27:41'),('manager1','signature','','/9j/4AAQSkZJRgABAQEAlgCWAAD/2wBDAAMCAgMCAgMDAwMEAwMEBQgFBQQEBQoHBwYIDAoMDAsKCwsNDhIQDQ4RDgsLEBYQERMUFRUVDA8XGBYUGBIUFRT/2wBDAQMEBAUEBQkFBQkUDQsNFBQUFBQUFBQUFBQUFBQUFBQUFBQUFBQUFBQUFBQUFBQUFBQUFBQUFBQUFBQUFBQUFBT/wAARCAHjAngDASIAAhEBAxEB/8QAHwAAAQUBAQEBAQEAAAAAAAAAAAECAwQFBgcICQoL/8QAtRAAAgEDAwIEAwUFBAQAAAF9AQIDAAQRBRIhMUEGE1FhByJxFDKBkaEII0KxwRVS0fAkM2JyggkKFhcYGRolJicoKSo0NTY3ODk6Q0RFRkdISUpTVFVWV1hZWmNkZWZnaGlqc3R1dnd4eXqDhIWGh4iJipKTlJWWl5iZmqKjpKWmp6ipqrKztLW2t7i5usLDxMXGx8jJytLT1NXW19jZ2uHi4+Tl5ufo6erx8vP09fb3+Pn6/8QAHwEAAwEBAQEBAQEBAQAAAAAAAAECAwQFBgcICQoL/8QAtREAAgECBAQDBAcFBAQAAQJ3AAECAxEEBSExBhJBUQdhcRMiMoEIFEKRobHBCSMzUvAVYnLRChYkNOEl8RcYGRomJygpKjU2Nzg5OkNERUZHSElKU1RVVldYWVpjZGVmZ2hpanN0dXZ3eHl6goOEhYaHiImKkpOUlZaXmJmaoqOkpaanqKmqsrO0tba3uLm6wsPExcbHyMnK0tPU1dbX2Nna4uPk5ebn6Onq8vP09fb3+Pn6/9oADAMBAAIRAxEAPwD9U6KKKACiiigAooooAKKKKACiiigAooooAKKKKACiiigAooooAKKKKACiiigAooooAKKKKACiiigAooooAKKKKACiiigAooooAKKKKACiiigAooooAKKKKACiiigAooooAKKKKACiiigAooooAKKKKACiiigAooooAKKKKACiiigAooooAKKKKACiiigAooooAKKKKACiiigAooooAKKKKACiiigAooooAKKKKACiiigAooooAKKKKACiiigAooooAKKKKACiiigAooooAKKKKACiiigAooooAKKKKACiiigAooooAKKKKACiiigAooooAKKKKACiiigAooooAKKKKACiiigAooooAKKKKACiiigAooooAKKKKACiiigAooooAKKKKACiiigAooooAKKKKACiiigAooooAKKKKACiiigAooooAKKKKACiiigAooooAKKKKACiiigAooooAKKKKACiiigAooooAKKKKACiiigAooooAKKKKACiiigAooooAKKKKACiiigAooooAKKKKACiiigAooooAKKKKACiiigAooooAKKKKACiiigAooooAKKKKACiiigAooooAKKKKACiiigAooooAKKKKACiiigAooooAKKKKACiiigAooooAKKKKACiiigAooooAKKKKACiiigAooooAKKKKACiiigAooooAKKKKACiiigAooooAKKKKACiiigAooooAKKKq6hqlnpUccl7dwWcckiwo9xIqBpGOFQEnlieAOpoAtUUUUAFFFFABRRRQBX1C8Gn2FzdGKacQRNKYrdC8j7QTtVR1Y4wB3NSxSebGj7WXcAdrDBGexHrT6KACiiigAooooAKKKKACiiigAooooAKKKKACiiigAooooAKKKKACiiigAooooAKKKKACiiigAooooAKKKKACiiigAooooAKKKKACiiigAooooAKKKKACiiigAooooAKKKKACiiigAooooAKKKKACiiigAooooAKKKKACiiigAooooAKKKKACiiigAooooAK8u+P37O/gr9onw/peneNo7w2mj3yapazWd69s0MqD7xIOCNuRyDgE4wea9RpGUMpVgCpGCD0NADLeWKa3ikgdZYXUMkiNuDKRwQe4x3qSmqqxqqqoVVGAoGAB6U6gAooooAKKKKACiiigAooooAKKKKACiiigAooooAKKKKACiiigAooooAKKKKACiiigAooooAKKKKACiiigAooooAKKKKACiiigAooooAKKKKACiiigAooooAKKKKACiiigAooooAKKKKACiiigAooooAKKKKACiiigAoorN0vWJdSvNTt5NLvbBbKcQpPdLGI7sFFbzItrsSmWK/MFOVPGMEgGlRRRQAUUUUAFFFFABRRRQAUUUUAFFFFABRRRQAUUUUAFFFFABRRRQAUUUUAFFFFABRRRQAUUUUAFFFFABRRRQAUUUUAFFFFABRRRQAUUUUAFFFFABRRRQAUUUUAFFFFABRRRQAUUUUAFFFFABRRRQAUUUUAFFFFABRRRQAUUUUAFFFFABRRRQAUUUUAFFFFABRRRQAUUUUAFFFFABRRRQAUUUUAFFFFABRRRQAUUUUAFFFFABRRRQAUUUUAFFFFABRRRQAUUUUAFFFFABRRRQAUUUUAFFFFABRRRQAUUUUAFFFFABRRRQAUUUUAFFFFABRRRQAUUUUAFFFFABRRRQAUUUUAFFFFABRRRQAUUUUAFFFFABRRRQAUUUUAFFFFABRRRQAUUUUAFFFFABRRRQAUUUUAFFFFABRRRQAUUUUAFFFFABRRRQB8v/t1ftc63+yp4f8AB0nhnwxB4t1zxBqTWy6fM0mfJRAWKLGNxYs8ajqBnocivH/2hf8AgrBpPwftfA7+HvClr4sudd0n7fqNlJqrWtxpEwfY1tMnksRIrrIpDbSCnTBBr7r8UeKNI8FeH77Xdf1G20jR7CIzXV9dyBIoUHVmY9BX5J/tnfso/E66+KHxV+LfgjwTovjvwR4sgFrH9mddWvIldYd97bxp8yOJYThkLFVYggqWoA+o/Bv/AAV4+Bmu+AX1zXJ9V8N61C6xy+HmtHuZ2JJw0UiDY64GSSVI6EcjPsvwY/bk+Cvx6vZ7Hwr40tv7RhWJns9UjexlYyEhVQTBRI24YIQtgkeoz+bnwO/4JB6/8Xvgho/jPUfGUng7xDqkEk8WgaloxIjUSMsRkk80ModAr/cyA3Q15f4w/wCCX3xr+Hvgu98R6tBpUVxDqcWmWGkWd09xe6jJJKscTwiNCiqxbOZGQgKSwFAH72UV+Lfgn/gon8fP2Odd1X4dfFPRj4t1KwuYTJFr92Td20WxfljnQsHV02srHcOc85NfbX7PP/BUr4SfGbTdUfxLfW/w01Ozuljis9bvFK3ULsFjkjkCgE5Pzrj5euSuSAD7KopsciTRrJGyvGwDKynIIPQg06gAooooAKKKKACiiigAooooAKKKKACiiigAooooAKKKKACiiigAooooAKKKKACiiigAooooAKKKKACiiigAooooAKKKKACiiigAooooAKKKKACiiigAooooAKKKKACiiigAooooAKKKKACiiigAooooAKKKKACiiigAooooAKKKKACiiigAooooAKKKKACiiigDnfiJ4B0X4p+Bdc8I+IrZrvRNZtHs7uFXKMUYYyrDkMOCD2IFefeFf2eh8GPguvgT4Sa7c+FfsYuJtPm1JRqMYmkLOBIJAT5e85ITaeT3Jz7HRQB558CbH4m6d4Cjg+LWo6Fqvi1bmXN14djdLZ4CQY8h1X5hyDgY4HvXodFFAHzv8fP2C/hH+0d440vxb4s0i5TW7R4zcTadceR/aEaY2xXHB3LhQuRtYDgMK/Ob9qr/AIJL+Nfh7quv+JPhpLB4i8EW9tJqBtLq4WO/tURd0iYwFlxhiu3BIGMZxn9oaKAPwA+Gv7VXxr/Yl8ZWGhm+1pLWKO2udU8J+JlDQSKy7lEOSzRK0TJh0Kk8ZBCgV+2v7Pn7QXhH9pb4cWfjLwfdSS2UrmG4tbhQtxaTLjdFKoJwRkEEEgggg4NfNn/BQD/gn/pn7RNrf+PNA1BNC8ZWVgBdBrM3CahDAGZFAQGRZACVBQHcNqkHAI/PT9mv4xfH39k/4D+IPH/g220g/D+48RLpWow6rCkk0V+iITlMrIoKFUPJAz0B5oA/eiivGP2Sf2ldN/ar+Ddh42sbD+x7pppLS+0w3CzG2nQ8jcMHawIYZAOG6d69noAKKKKACiiigAooooAKKKKACiiigAooooAKKKKACiiigAooooAKKKKACiiigAooooAKKKKACiiigAooooAKKKKACiiigAooooAKKKKACiiigAooooAKKKKACiiigAooooAKKKKACiiigAooooAKKKKACiiigAooooAKKKKACiiigAooooAKKKKACiiigAooooAKKKKACiiigArzP4xfCHwb4w+G+v6fq3geDxLYmZtcl0OyRYW1K9jXcpbBVZJHKqvz5B4z0r0yigD+e3X/ABt4l/ZY8VaX4u+HPiS4+HnijXLm9n1X4f2ryv8A2BHHcFILW7WYfvdwDOqyKSE2nncDX7GfsYftheHP2uPh22oWIOneKdKWOHWtIlILQyMDtlQgYaN9rEHsQQemT5/+2R+w14e+JmoXXxd8OaLFqHxO0ea21b+z7xGuLXXY7RDiwkhJC/vQqLuIJyqjoTX5aaP+2K3w1/a+vfjD4B8H2XhfSGc26+EYWNvam28hYTHIIgBnKiTpgSAHBxigD+g1rhEmjiJIkkBKjB7Yzz+IqSsXwb4w0jx/4V0rxFoV9DqOk6lbR3VtcQtlWR1DL9Dgjg8itqgAooooAKKKKACiiigAooooAKKKKACiiigAooooAKKKbJIsUbO7BEUZZmOAB6mgB1FfGn7RP/BU74Q/BKW/0jRLmT4geJ4EYLbaM6mzSUPtMctzkgEYJ+QP0xxmvhzxt+2v+0x+3Nqw8JfDHQrzw/pzwsZrDwxIySSBdrM0165XaBxgAoPmAO4kZAP2uor5D/YP/ZF8dfAG21DxH8S/H+reKPFWpQC2XSv7VnubCxiJVjkSHEk25cbsYUZC53En68oAKKKKACiiigAooooAKKKKACiiigAooooAKKKKACiiigAooooAKKKKACiiigAooooAKKKKACiiigAooooAKKKKACiiigAooooAKKKKACiiigAooooAKKKKACiiigAooooAKKKKACiiigAooooAKKKKACvyZ/4KmfsGnSLi5+MXw50WKHSym7xFo+m2xHlPl3e/ABwFI2hwFABG85yxH6zVU1bSbLXtKvNM1K0hvtOvYXt7m1uEDxzROpV0ZTwVIJBB6g0Afg3/AME3P2sk/Zq+NcVn4hvrpPAviRV0++jNwEtrKZpE8u9dW4wnzKxyMI7HnaBX702d5b6hZwXVrPHc2s6LLFPC4dJEYZVlYcEEEEEdc1+CP/BRT9jmP9lP4pW03h1LyfwJ4gR7rT5ZoyVs5d7b7PzMndsXYVLclWGclST9Zf8ABHn9qrUvEEF78FvEd9byQaXaG78OtKcXDJ5jNPb5/jC7w691UMOVA2gH6hUVn6/4g0zwrot7rGs6hbaVpVlE09ze3kqxQwxqMlmZiAAPU1+ZX7Tn/BZCPR9Q1Tw58HNGt9RaFzCvizUyWgfjl4LfALc5wznHH3SKAP0+vL+206Hzbu4itYs7fMmcIufTJryPxh+2L8EPAaTnWfil4YheEKzw22oJdSgM20fu4izHkc4HHU4Ffz7+PPij8Rf2gPFD3vibXNa8Y6xcMNsTs8uOcKscKjagy2AqKB83Tmu+8L/sGftAeMLEXen/AAs1xIWTzFF+iWbuuAcqkzIzDDDkDqcdaAP3I8B/tk/BD4lSmHw/8TvDtzcbtot7m7FpKxyo4SbYx5YAYHJNewwzx3UKSwyLLE43LIjBlYeoI61/OD4o/Yx+OXg2+Fpqnws8TLMbZ7vNpYNdJ5SffbfFuXjjIznkcc1h+F/jR8WvgZdz6Toni/xV4MmhJSbTI7ye2EZO0kNCSAD8q9RnigD+l6ivyp/Y9/4K8TS3tr4X+OkkKW3lCODxfa2zB/MzwLqKMYwQQN8ajBHKnJYfpz4J8caB8SPCuneJPDGrW2t6FqEfm219aPujkXOD9CCCCDgggggEUAbtFFFABRRRQAUUVyvxO+KPhb4N+DL/AMVeMdZt9D0OyXMlzcNjc38KIvV3bGAqgknoKANjxF4k0vwjot5q+tahbaVpdnE01xd3cojjjRQSWLHgYANfh7+25/wUk8WftG3mreE/Cc0vhv4YmQItui7LvUlU8PcPnIUnkRLgdN24iuH/AG3f24PEf7XXi5YVSTRvAelzu2k6Nu+ZsgL59xg4aUgcDogYqM5Zm+wf+Ccf/BNu0/snSfip8WNJuU1MXUV9oOgXBURiJVJWa6iZSSWYqyoSMbAWB3YAB49+wb/wTL1D45SS+LPinZat4c8FRopsbHY1tdaqzKGDqzLlYQCPmAyxOARgmv2I+Hfw58OfCfwdpvhXwnpUOi6Dp6eXb2kGSF5ySSSSzE5JYkknrXSUUAFFFFABRRRQAUUUUAFFFFABRRRQAUUUUAFFFFABRRRQAUUUUAFFFFABRRRQAUUUUAFFFFABRRRQAUUUUAFFFFABRRRQAUUUUAFFFFABRRRQAUUUUAFFFFABRRRQAUUUUAFFFFABRRRQAUUUUAFFFFABRRRQAUUUUAeFftrfs9QftMfs8+I/CYRjrMCf2nozLjIvoVYxLzxhwzREnoJCeor+fj4b+Pte+C3xM0PxXozPZa94fv1uUSTcnzI2HikAIO1huRlyMqzDvX9NHijxPpXgvw7qOu65fQ6ZpGnwPc3V3cMFSKNQSzE/QV/Pd8SreX9sD9o34h+Jfh34O+waZP8AaNWOmWMsKS+Ui4a5ZJGXLO+JZAmSu9zg4zQBp/tOft3fFT9rdoNF1SSPSfDm5TH4b0NXEM8gxhpMktKdwyAxwvYZ5r339jH/AIJQ618TktPFnxfjvPDfhSeBLiy0e2lWO+vNxyPNyCYE29iN53fw4zXMf8Eg7XQbH9r68tdYC3GsxaNeRaU8IWeDz1ZPMcSAnB8oSBWHBDNzyM/t5QBxnwx+Dfgj4MaDBo3gnwxpvh2xiTZizgCySe8kh+eRuOWYkn1rrzbxG4WcxIZ1UoJdo3BSQSM9cEgcewqSigArz74qfAD4d/GvTLyz8aeD9I103MBtjeXFon2uNO3lz48xCDyCrDBr0GigD8Ef23/+CeviL9ksnxJY6kniL4fXd4lpa3zDbd28jq7LHOgGOAhHmKcE44UnFZX7CP7bOs/so/EKCDU7q81D4cai5TVNHjYuIWbb/pUKEgCVdoB/vLkHnaR+9XjHwdovxA8L6n4c8R6bb6vompQNb3dldJuSVD2PoQcEEcggEYIFfgp+3d+xBqX7H/jDT5LO+k1zwRrRf+zNSmUCaORAC8EwAwHGQQw4Yc4BDAAH74+F/Eum+MvDela/o10l9pOqWsd5aXMf3ZYpFDIw+oIrTr8ev+CVX7cafD/Vrf4OeOtQEfhzUp/+JBqNzIFSwuGyWt3ZjxHI2Nv91zjo+V/YWgAooooAK/D3/gqp+1ZqPxg+M978O9LvceCfCFz5Pkx423WoKpWaZj3CbmjUdBhj/FX6Hf8ABTj486h8Cv2X9Sk0LUp9K8SeIbqLR7C6tgRJEGy8zKwPyHykcBhyCwxzyPxw/ZL/AGe9X/ad+OWh+EbFf9CMgvNWvJM7YLNGBlYnB+Zh8i+rOvbJoA+jv+CUP7L/AIQ+OnxB1zxL4uktdRh8KvbXNnoouGWZrjzA6TSRgYeEbCpBPJ4Ix1/bWsbw74N0DwfbJb6Fomn6PAkSwrHY2qQgRqMKvygcAdBWuZEWQIWUORkLnk0AOooooAKKKKACiiigAooooAKKKKACiiigAooooAKKKKACiiigAooooAKKKKACiiigAooooAKKKKACiiigAooooAKKKKACiiigAooooAKKKKACiiigAooooAKKKKACiiigAooooAKKKKACiiigAooooAKKKKACiiigAoorlPit8RtN+EXw18S+NNYDvpuhWE1/NHFjfIEUkIueNzHCjPGSKAPza/4LM/tJNDHo3wV0sQssqxa1rM2CXXBYQQjsM4Mh78J0BOfKf2Af+CeunftHfBXx34z8T/upL6CfSvCjGaSNYLxFybt9n3kV9iBTnOJeM7TXylPdeMv2wP2iEM9z9u8W+MtWWJHupfki3kKi5OMJGgAAH8KAAV/Q/wDBf4bW/wAHvhP4T8FWptpI9D02Gyaa0t/s8c0iKA8ojydpd9znJJyxySeaAP53dc8O/EL9j/45Q2upwz+HPGfhu7hul8icFXAKyIyuhw8brj2IJBHUV/RX8L/id4d+L3gnS/FHhfVrXWNLvoElWa1fOxmUMUZT8yMM8qwBHcV8Of8ABWz9mPwl4u8Ap8X7vW08M67oUK2E8jW0k66lGxbyINqfdfzXwHPAVm3dBjxn/gih8XbfSvGnjj4bXEEhm1e2j1m1uPMGxTB+7kQqT95hKhBA6Ic9BQB+ulFFFABRRRQAV5h+0d+z/wCG/wBpj4U6r4I8Sx7IrgebZ3yoGlsbpQRHPHnuMkEd1Zl6GvSby6Sxs57mQSNHDG0jCKNpHIAydqqCWPHQAk9qdbzC5t4plV1WRQ4WRCjDIzgqeQfY0AfzBfE74c658I/H+u+DvEdqbPWtHumtbiPsSOQynurKQwPcMDX72/sB/tPQ/tOfATS9SvZrdPFujgadrNpHMGfzEGEnKn5gJVAbnjdvAJ218of8Fjf2WzqWmWPxv0G3zNYrFpviGNABmEttguT6kMyxHqcNH2U18Yf8E9f2ij+zj+0loeo3bD/hHtdK6Jq3mSbEihlkTbOe37twrEn+HeO9AH9CVFIrBlBByDyCK8k/a0+Kd58Ff2b/AIgeNNNx/aWmaYxtGKbgs8jLFExGRwHkUnnoPwoA/Jn/AIK0ftHp8XvjxH4K0i5Wbw74JD2heMgrNfPg3DZ9F2pH9Uf1r6a/4Ir/AAr1rwv4F8e+MNY0KbTrXXprOHS726iMbXUMaymRkBHMe6RMMOCQfSvyS0HSbzxd4m07TIPMudQ1S8jto8fO8kkjhR1PJJb15r+njwJ4Ug8B+B/D3hq2me4ttG06306KaQANIsMSxhjjjJC5oA3a4O6+CfhW8+M9n8U5bW4fxfaaS2iwz/an8lbdnLn91nbuyT82Oh9hjvKKACiiigAooooAKKKKACiiigAooooAKKKKACiiigAooooAKKKKACiiigAooooAKKKKACiiigAooooAKKKKACiiigAooooAKKKKACiiigAooooAKKKKACiiigAooooAKKKKACiiigAooooAKKKKACiiigAooooAKKKKACvzh/4LPfG248LfDHwv8OdL1J7W58RXLXmpQRKwMtnFwql+m0ykEr1Pljt1/R6vwR/4KqeMrnxX+2h4utZbhJ7XRLez021EchdUUQJK69SAfMlkyBjn3zQB73/wRj/Z+u9S8YeIPi5qmmo2kWFu+kaRcTEEm6YoZnRcZ+WP5N3A/eMOecfrnXzz/wAE/PAMvw3/AGP/AIbaVc2k1leTWDahPFcIFkD3EjzfMAPSRQM8gAA9K+hqAOe+IWgHxR4F17S00vStZnubKVILDXIPOsZpth8tZ0/ij37c45xnHNfzhaZ8X9Z+H3x+j+IehaTYeFNY03WDfR6RpKSQWluQ5D26KWLLEw3IVz91iK/per8N/wDgrj8EbL4W/tKp4j0qHyNP8aWZ1SWNQAi3iuUuNvOfm+SQ5H3pD+AB+0vw48cad8TPAPh3xZpMiy6drVhDfQspBwsiBtpx3BJBHYg10dfAX/BG/wCMEfjL9nvU/A0y7L/whfttYybjLb3LPKhwTkYcSrwMY29819+0AFFFFABRRRQBj+MPCelePPCur+HNctEvtH1W1ks7u3kHDxupVh7HB4PY81/Nb8evg7rHwC+LniXwHrgU32j3PliWP7s0TKHilHs0bI2O2cV/TVX5qf8ABYr9mODxF4JsfjLolix1nRjFYa00R4ksmYiOVlxyUkYLu/uuM8KMAH0h/wAE/f2qbX9qL4G2d1dFYPF2gCPTdatg2dzhf3dwO+2VRu9mDjnGT8wf8FsvitPpvhTwB8PLO7aNdSnm1e/hRsb44gI4QwB+6WeQ4IwSgIPFfKv/AASr+MrfCv8Aau0fSpgzab4vhbQ5wqbisjEPAw9P3iKpPo5rX/4LAapeX37YVxb3FtPb29lodjDbPK5KToQ7mRB2G93T6xtQBZ/4JOfs2af8afjddeL9ZlmGm+BXttQitViyl1dOz+SGY8BUMZcjqcL2zX7iV8Rf8Ei/hPf/AA5/ZdbWNV01tPvfFWpNqkDSMpaaz8qNIHwOVBw5APZs/wAVfbtABRRRQAUUUUAFFFFABRRRQAUUUUAFFFFABRRRQAUV86/D/wDa1Txd+118QPgpqWjwaE/h+zguNOubq6AuNSYqryFIzwV2SIy4JO1WJ6/L9FUAFFFFABRRRQAUUUUAFFFFABRRRQAUUUUAFFFFABRRRQAUUUUAFFFFABRRRQAUUUUAFFFFABRRRQAUUUUAFFFFABRRRQAUUUUAFFFFABRRRQAUUUUAFFFFABRRRQA2SRYY2dztRQWJ9AK/mk+Juo23xi/aQ8UXuky7LPxR4quZLSWfPyx3F2xjLY54Div6PviBrEvh3wH4k1WCNJp7HTLm6jjkztZkiZgDjnBI7V/NP8H7WfUvjB4JgtoWmuZ9dsljijGSzG4TAFAH9MPhLw3aeDfCuj6Bp4kFjpdnDZQebIZH8uNAi7mPLHCjk9a1qKKACvhL/gsH8K9M8Xfsyp4wmium1jwnfRNaPAfk8u4kjimEgx93hCDxgqOeSD921xfxq+Hcfxa+EfjHwZIyJ/bmlXNgkkmdqSPGQjHHOA208elAH4xf8Ej/AIsW3w6/art9FvVRbfxdp8ukJM7lfLmBE0Xsdxi2fVxj0P7o1/ML4J13UfhN8VtF1YSzadqfh3WIpmeMYkikhmBbgg8gqeCPqO1f052N5FqFnb3UBLQzxrKjEEEqwyOD04NAE9FFFABRRRQAVznxI8C6d8UPh/4i8I6upOm65YTafOVALKsiFdy5/iGcj3Aro6KAP5kS3ib9nT41MYmbT/FXg7WjtZlPyz28vcHGVJX8QfetX9pf44X/AO0V8bPE3jy9WaGPUp/9Es55S5tbZQFiiHYYUc44yWPevpv/AIK8fA+6+Hv7Ri+NoLVo9D8ZW4mW4a4DlryFVSddvVAFMJ9PmOD2HxLpNvptxFqLajezWckVqz2iw24lE8+5QI2O4bF2l23c/dAxzkAH9Cf/AAT60i50T9jH4UW92ytK+k/aQUYsNksskqDPqEdcjseK+ha8U/Yo/wCTR/hD/wBizY/+ilr2ugAooooAKKKKACiiigAooooAKKKKACiiigAqG6vILC3ee5njt4E+9JK4VRk45J96lZgilmIVVGSTwBX5Y/8ABYD9rDS77QtP+DvhLxAt5cSzi78Sx2RV4ljXa9vbu+Dlt+JCoPGxM9aAKH7UemzfD3/grp8MNf0dpNQvdel0qee1s5v3sYbdZyK3Hyjyo9xHdSfWv1er+cXxp8an+MX7QXgzxhbWVxoOoRJoljMVvGkJntYoIDNG2AUDeWGC5JHJySa/o6oAKKKKACiiigAooooAKKiurqKxtZrm4kWGCFGkkkY4CqBkk+wFPjkWaNXRgyMAysOhB70AOooooAKKKKACiiigAooooAKKKKACiiigAooooAKKKKACiiigAooooAKKKKACiiigAooooAKKKKACiiigAoopGG4EHoaAFopkMK28KRIMIihVBJPAGByafQAUUUUAFFFFAHnP7R9vZ3X7PnxLh1B7mOyk8N6iszWYYzBPs0mSgUElvTANfz0/syaNea/+0R8NrKx0iPXrl/EFk402VwiXCpMrurMeAu1WyfTNf0ZfFi3mvPhb4xgt42muJdGvEjjjGWZjA4AA9Sa/ng/ZBvdV0v8Aak+F1zo1tcXl/D4gtG+z2oQyyR+YPNVd5C5Me8ckUAf0k0UUUAFFFFAH87H7ffgW7+H/AO1/8TrC6ighF3q0mpwLbY2eTc4nj4HQ4kGR6g1+2n7D/wAQrj4ofsn/AA01+9lM98+lJaXMjOHZpIGaBmYju3l7uefm55r80v8Ags58L7vw78fvD/jdbeNdM8SaUtuZo1ILXNsdr7z0J8t4cey+1fWn/BHPxlb+IP2U7jRYrR7efQdcubeaZn3LOZQswYemBJtx/s57mgD7sooooAKKKKACiiigD4p/4KzfBST4pfsv3Gv2MRk1TwbdDVlVQuWtiNlwMnnAUrJwefK78V+Ftf1IeMvC9n448Ia54c1AyCw1ixn0+4MTbX8uWNo32nscMcGv5e9a09tI1m/sWWRWtbiSArKu1wVYrhh2PHSgD+i79iOaO4/ZF+ETRSJKo8N2alkYMNwjAYcdwQQR2IIr26vlf/gmFrS61+xL8PdqKn2QXlqdpPJW7m55A55r6ooAKKKKACiiigAooooAKx7jw60/iyz1watqUS29pLaHS45lFnNvZG810K5Mi7MKwYYDsMHPGxRQAUUUUAFFFFAHnv7Q9prOofAX4i2nhy2urzX7nw9fwWEFjjz3ne3dYwmSPm3EV/M7dWs1lcy29xFJBcQuY5IpVKujA4KkHkEHjBr+qSvF/ip+xv8ABz4xW2ujxF4D0hr/AFuSKW91aztkt753jbcHE6gOrHkMQfmBIOaAPzH/AOCW37F6fEr4hw/EPxvZ6hZ6R4f+zapo9hcWMiQapIzyeXOJWXY8cbwtlVJJYLnA4b9oKxPBXgvRPh14V0zw14b06HSND02IQWllBnZEgJOBkknkk5JySa26ACiiigAooooAKKKKACiiigAooooAKKKKACiiigAooooAKKKKACiiigAooooAKKKKACiiigAooooAKKKKACiiigAooooAKKKKACiiigAooooAKKKKACiiigAooooAjuLeO6gkhmRZIpFKOjDIZSMEH2xX81Pxo8Aj4R/tGeLfCcFzNpMGi+IZra1ukJeSCFZj5Uo2nJYJsbAOc+9f0tV+Cf8AwVS+G8nw9/bG8S3Y8pbXxJbW+uW6xuSy718qTdnoTLDK2OmGFAH7ueHbO403w/plpd3kmo3VvaxRTXkq7XndUAaRh2LEE4960K+d/wBgrx1oHjD9mXwNBpfi268V6tZ6VA+rPql6bm+guZNzOshY7ggkEix542RgAnFfRFABRRRQB+b/APwW4021l+DHw81B4wb2DX5IIpNxyscls7OMdDkxR/8AfPvXD/8ABD/xvClx8UfB8kz/AGiRbPVoIWk+XapeKVlXscvCCf8Ad9K6b/guBpFzN8O/hdqiBfsdtqt5bSHd83mSwoyYHcYhk57ceteRf8ESbeFvjp4+na6RJ08OBEtSjbpFa6iLOG6AKVUEHk+YMdDQB+x9FFFABRRRQAUUUUAFfz0f8FEfhh/wqr9rzx7YRWH9n6dqVyusWSB96vHcKHZh6DzfNGO2MV/QvX49f8FuPDFrY/Fz4d6/EAt1qOjT2swEYGRBMGVi3Un9+Rz0CigD33/gi549uvEH7PnifwzcymRPD+tk2ykf6uG4jD7c5/56LKeg+937foRX4+/8ES/H1xp/xU8e+DXuIUsdT0mPUlhZf3jTQSqgKn02Tvkewr9gqACiiigAooooAKKKKACiiigAooooAKKKKACiiigAooooAKKKKACiiigAooooAKKKKACiiigAooooAKKKKACiiigAooooAKKKKACiiigAooooAKKKKACiiigAooooAKKKKACiiigAooooAKKKKACiiigAooooAKKKKACiiigAr80f+C1XwdsdR+Hvg74mWto39sabff2NeTQwbt9rKryRmVx91UkQhc8ZuCOpFfpdXkf7Wnwjk+On7OPj3wTbjN9qOnM1ku/YGuomWaBSc8AyRoDnsaAPhv8A4JmfFLTfCfh/4XQWlkl3/wAJa174M1KfzFiewvLF7vUrd8YzKk0N8yc42GJcE7iB+oFfir/wSc0/R/FnjDxdoHiPVptLtfD72XjOyltrkwTW9xZyNHK4cf8ALJ4p2jlX+NGA7Cv2c0PW9P8AE2i2Gr6TeQ6jpd/Al1a3ls4eKeJ1DI6MOCpUggjsaAL1FFFAH56/8Fq7i0j/AGdfCEU1oZrqTxNH5Fx5hXycW05b5f4sjjnpXzV/wRT1C2tf2jPF9tLMkdxc+GJBDGx5kK3MDNj6Dmvbv+C33iZLf4c/DPw+PJaS71W5vz+8/eKIoQgwv90+eefVR614T/wRbt4JP2lvEksunzXMsfhqYRXaJmO2JuIM7mzxuGQOuaAP2nooooAKKKKACiiigAr8yv8Agtz4k8PReBfhxoNxYtP4omvrm8tLxXKi2tlREmUjHzeYzRY548r3r9Na+Mf+CrHwR0b4mfswav4ruorptd8Fp9u05rYkjbJLCk4kXuuwbs/w7c9M5APy2/4J1/Ei3+F/7YXw+1K9uVtbC9uZNKnkfdtxcRtEmQD/AM9Gj65A69q/oXr+XHwT4kl8G+M9B1+Db5+lahb30e5dw3RSK4yMjPK9M1/ULpt/HqmnWt7CGENzEkyBxhtrAEZ98GgCzRRRQAUUUUAFFFFABRRRQAUUUUAFFFFABRRRQAUUUUAFFFFABRRRQAUUUUAFFFFABRRRQAUUUUAFFFFABRRRQAUUUUAFFFFABRRRQAUUUUAFFFFABRRRQAUUUUAFFFFABRRRQAUUUUAFFFFABRRRQAUUUUAFFFFABRRRQAUUUUAfkvovw4s/2U/+CqkMGv2ENt4K+IL3sWlMp/0dlvVZRCVx0E58rZ0AdTnFfXf/AATp8ctqXwl8Q/D67NwmpfDnxBe+HPs90p86O1SVjbB26MQmU7f6vp3OR/wUc+CF14k8B6P8XvCempdfET4aXUWt2Uksp8t7SBxNMjxkgOF2CTAw3yEA84P5ofsH/txat+zT8V5/7fuHvvA/ie9V9fV18yaOQkgXauQXJTcSy5O4Z/iwaAP3zoqCyvbfUrOC7tJo7m1uI1limiYMkiMMqwI6ggg5qegD8qf+C4lxpXmfCaEKv9uAag5bBz9n/cAD0+8D+Rpf+CHWkzbvi3qn2n9wP7NtjbberH7Q2/P0BGPevn7/AIKzfGLSfip+1JJp+iyxXdp4U09NFluoTuWS4EjySqDnB2NJsP8AtK1fY3/BFj4e3Ph/4E+LvFdzBJCviLWFitmcnbLDbR7dyjH/AD0klXOTnbjjFAH6IUUUUAFFFFABRRRQAVheOvBum/ETwXrvhfWIVuNK1iymsbmNh1jkQqfxwa3aKAP52PjF+w38XPhT8VdS8G2/g3XfFMcU6pZavpGlTy2t7G/+rcMqlVJzhlJ+UgjPGa/fP4LeC7r4c/CLwZ4Wvr+41O80fSLWxmu7o5kkeOJVJPJ7jA5PAHJrtKKACiiigAooooAKKKKACiiigAooooAKKKKACiiigAooooAKKKKACiiigAooooAKKKKACiiigAooooAKKKKACiiigAooooAKKKKACiiigAooooAKKKKACiiigAooooAKKKKACsTxt4x0v4e+D9Z8Ta3M8GkaRaSXt1JHE0jrHGpZtqKCWOBwAMmtuigDD8D+MNP+IPg3RPE2lCcabrFnFfW4uoTFKI5EDKHQ8q2DyK3KKKACiiigAooooAKKKKACiiigAooooAKKKKAI7i3iureSCeNJoZFKPHIoZWUjBBB6givw0/4KQfsLn9mrxdH4s8F6deS/DbWGLMx+dNKumdj9mJ6iPbt2M3XlSSRk/ufVbUtNs9YsZrK/tIL6zmG2W3uYxJG49GUggj60Afj38Kf+C0PjPwvb6RpnizwFoWr6VaRLbySaMz2M2xcBSqEvGMKMbQFB45Wut+Pn/BaD+3vB11pPwo8K6hoesXcZjOt660Re0BBBaKJGYFx8pDM2Ac/Ka93+MH/BIf4SfErx5b+INFvr/wAC2DAC90XRoYvs0u1NqmIEfuTkAtwwPOApOa+fvBv/AARB1yTWbseLPibp9tpMcg+znRtPkmnnTdzvEhRYjt9PMwT3xyAfCvwF+BPjX9qn4rReHfD0Eup6jdSG71PUrmT5beEyDzbiaQ57t7sxPAJr+jP4e+BNI+GHgfQvCWgW5ttG0azjsrWJmLMI0UAEk9SepPck1yH7Pv7N/gb9mfwRF4a8E6UtrEcNd6hOFe8vpOfnmkAG4jJwOAoOAAK9QoAKKKKACiiigAooooAKKKKACiiigAooooAKKKKACiiigAooooAKKKKACiiigAooooAKKKKACiiigAooooAKKKKACiiigAooooAKKKKACiiigAooooAKKKKACiiigAooooAKKKKACiiigAooooAKKKKACs7XvEOl+FtNfUdY1C20uwR442ubuVY4wzuERck4yzMqgdywA61o1l+I/C+k+LtNWw1rT4NSs1uIbpYbhdyiWGVZYnHoyuisD6qKANSua8Fat4l1RtfHiTQoND+y6tPbaabe7FwL2xUKYblsAeWzZYGM8qV75zXS0UAFFFFABRRRQAUUUUAFFFFABRRRQAUUUUAFFFFABRRRQAUUUUAFFFFABRRRQAUUUUAFFFFABRRRQAUUUUAFFFFABRRRQAUUUUAFFFFABRRRQAUUUUAFFFZ+qWmoXN1pj2WoLZQwXPmXcTQCT7VF5br5YJI2HeyPuGfuYx81AGhRRRQAUUUUAFR3Ful1C0UgJRhggEg/mKkooAKKKKACiiigAooooAKKKKACiiigAooooAKKKKACiiigAooooAKKKKACiikZtqk4JwM4HU0ALRXL/Dfx2vxH8Lx62uha54b3TzQNp/iGy+yXaNHI0ZJTJ+UlcqwJBBBrqKACiiigAooooAKKKKACiiigAooooAKKKKACiiigAooooAKKKKACiiigAooooAKKKKACiiigAooooAKKKKACiiigAooooAKKKKACiiigAooooAKKKKACiiigAooqOeFbiFo33bW4O1ip/MHIoAkooooAKKKKACiiigAooooAKjhMhhQzBVl2jeEJKg98EgZFSUUAFFFFABRRRQAUUUUAFFFFABRRRQAUUUUAFFFFABRRRQAUUUUAFFFFABRRRQAUUUUAFFFFABRRRQAUUUUAFFFFABRRRQAUUUUAFFFFABRRRQAUUUUAFFFFABRRRQAUUUUAFFFFABRRRQAUUVUk1ayj1SHTHuoV1CaF7iO1LgSPGjKruF6kAugJ7bh60AW6KKKACiiigAooooAKKyR4W01fFR8RiKUaubP7AZftEnlmHfvx5W7y87h97buxxnHFa1ABRRRQAUUUUAFFFFABRRRQAUUUUAFFFFABRRRQAUUUUAFFFFABRRRQAUVnaN4i0vxF9u/sy/t7/wCw3UljdfZ5A/kzpjfE2OjDIyO2a0aACiiigAooooAKKKKACiiigAooooAKKKKACiiigAooooAKKKKACiiigAooooAKKKKACiiigAooooAKKKKACiiigAooooAKKKKACiiigAooooAKKKKACiiigAooooAKKKKACm+WvmB9o3gYDY5x6U6igAooooAKKKKACiiigAooooAKKKKACiiigAooooAKKKKAKti160l39sS3SMTYtvIdmJi2ry+QMNu3cDIxjnrVqiigAooooAKKKKACiuTuPHF1D8UrTwiPDepy2dxpL6mfEMaqbKJ1lEf2dzncJCGDDjBAPoa6ygAooooAKKKKAI4oI4N/lxrHvYu21QNzHqT6mpKKKACiiigAooooAKKKKACiiigAooooAKKKKACiiigAooooAKKKKACiiigAooooAKKKKACiiigAooooAKKKKACiiigCOYSFR5TKrbhneCRtzyOo5xmpKKKACiiigApsm7y22Y34+Xd0z706igDH8J/29/wj9p/wk404a4AwuTpJk+zE7jtKeZ8wyuMg5wcjJ61sUUUAFFIzBRknA96ZPCLiF4yzKGGC0bFWH0I5BoAkooooAKKKKACiiigAooooAKKKKACiiigAoqK6hNzazQiWSAyIyCWIgOmRjcuQRkdsinRIY40QszlQBubqfc+9AD6KKKACiiigAooooAKKKKACiiigAooooAKKjklKSRKI3cOSCy4wvBOTz+HHrUlABRRRQAUUUUAFFFFABRRRQAUU1pFUqGYKWOFBPU4zgU6gAooooAKKKKACiiigAooooAKKKKACiiigAooooAKK5/x14i1Lwr4buNR0nw3f+Lb9GVY9K02WCKWTcwGd0zogAzkkt0HANbyMWVSVKkjJU9R7UAOooooAKKKKACiiigAooooAKKKKACiiigAooooAKKKKAKmq6taaHp8t9fTrbWkWC8r5wuSAM/iRVuiigAooooAKKKKACiiigCG6s4L6MR3MMc8YdZAsihhuUhlOD3BAI9xU1FFAFXS9Vstc0221DTruC/sLqNZYLq2kEkcqEZDKwOCCO4q1UMFpDbM7RRLGXxu2jGcDA/SpqACiiigAooqCezjuJreV9++By6bZGUZKleQDhhgng5GcHqBQBPRRRQAUUUUAFFFFABRRRQAUUUUAFFFFABXgX7UH7ZHhL9lz+yYdX0/UfEOo3eLm507RlWS4srAMVe9lUniIOAgJwCxxmvfa+P8A4pfsQ+Mvj78XLrWviH8W7qbwAv2yztfC+gaethOdPn2MLaa7Rg0i744mZXVwfKHTccAH1N4L8YaX8QfCGi+JtDuPtej6xZxX1nPtKl4pEDqSDyDgjg1tVz3g/wAA6H4DtTb6LZm1RoLe3bdK7kpBCsMQ+YnGERRxjPJPJJq9q1jqd3faVLY6othbW85kvLdrYSm7j2MBGGJHl4Yq24Z+7jvQBp0UUUAFFFct4w8Ua7oGreHrXSPCF54ktdQuxb317bXdvCmmRcZmkWR1Z1AzxGGPGMcigDqaKKKACiiigAooooAKKKKACiiigCKa1huJIXlhjleF98TOoJRsFdynscEjI7E1LRRQAUUUUAFFFFABRRRQAUUUUAFFFFABRRRQAUUUUAFFFFABRRRQAUUUUAFFFFABRRRQAUUUUAFFFFABRRRQAUUUUAFFFFABRRRQAUUUUAFFFFABRRRQAUUUUAFFFFABRRRQAUUUUAFFFFABRRRQAUUUUAFFFFABRRRQAUUUUAFFFFABRRRQAVxHxU+Mfhn4N2Oh3XiWe6jXW9Vh0Wwjs7OW5kmupQxRAsakjhGOTxxXb0140k27lVtp3DcM4PrQA6iiigAooooAKKKKACiiigAooooAKKKKACiiigAooooAKKKKACiiigAooooAKKKKACiiigAooooAKKKKACiiigAooooAKKKKACimrIrMyhgWXqAeRTqACiiigAooooAKgvrVry3aJbiW1JKnzYCAwwwOOQRg4weOhNT0UAFQSXXl3kFv5Mreart5qplE244Y9id3Hrg+lT0UAFFFFABRRRQAUUUUAFFFFABRRRQAUUUUAFFFFABRRRQAVzum+PtH1bxxrfhK2lmbW9Gtra7vImgdY1jn8zyishG1ifKfIBJGBnGa6KigBKbDIJokkUMFdQw3KVOD6g8g+xp9FABRRRQAUUUUAFFFZ2i+ILDxEl49hK0y2l1JZzFonjxLGcOo3AbgD/EMg9iaANGiiigAooooAKKKKAMi+8KaVqXiTSteubXzNW0uOaG0uPMceUswUSDaDtOdi9QcY4xWvRRQAUUUUAFFFFABRRRQAUUUUAFFFFABRRRQAUUUUAFFFFABRRRQAUUUUAFFFFABRRRQAUUUUAFFFFABRRRQAUUUUAFFFFABRRRQAxYkR3dUVXfG5gOWx0zT6KKACiiigAooooAKKKKACiiigAooooAKKKKACiiigAooooAKKKKACiqmr3N1Z6Te3FjZnUb2GB5ILMSrEZ5ApKx724XccDJ4Gc1LZzSz2kEs0BtpnRWeFmDGNiMlcjg4PGRQBNRRRQAUUUUAFFFFABRRRQAUUUUAFFFFABRRRQAUUUUAFFFFABRRRQAUUUUAFFFFABRRRQAUUUUAFFFFABRRRQAUUUUAFFFFABRRRQAUUUUAFFFFABRRRQAUUUUAFFFFABRRRQAUUUUAFFFFABRRRQAUUUUAFFFFABRRRQAUUUUAFFFFABRRRQAUUUUAFFFFABRRRQBHPCtxC8TlwrjBMblG/BgQR9QakoooAKKKKACiiigAooooAKKKKACiiigAooooAKKKKACiiigAooooAKKKKACiiigAooooAKKKKACiiigAqC0s47KN0jaVg8jynzpXkOWYsQCxJAyeFHAGAAAMVPRQAUUUUAFFFFABRRRQAUUUUAFFFFABRRRQAUUUUAFFFFABRRRQAUUUUAFFFFABRRRQAUUUUAFFFFABRRRQAUUUUAFFFFABRRRQAUUUUAFFFFABRRRQAUUUUAFFFFABRRRQAUUUUAFFFFABRRRQAUUUUAFFFFABRRRQAUUUUAFFFFABRRRQAUUUUAFFFFABRRRQAUUUUAFFFFABRRRQAUUUUAFFFFABRRRQAUUUUAFFFFABRRRQAUUUUAFFFFABRRRQAUUUUAf/2Q==','admin','admin','2017-05-11 08:43:07','2017-05-19 09:47:34'),('manager1','signature_file_type','image/jpeg','','admin','admin','2017-05-11 08:43:07','2017-05-11 08:43:07'),('test','signature','','/9j/4AAQSkZJRgABAQEAlgCWAAD/2wBDAAMCAgMCAgMDAwMEAwMEBQgFBQQEBQoHBwYIDAoMDAsKCwsNDhIQDQ4RDgsLEBYQERMUFRUVDA8XGBYUGBIUFRT/2wBDAQMEBAUEBQkFBQkUDQsNFBQUFBQUFBQUFBQUFBQUFBQUFBQUFBQUFBQUFBQUFBQUFBQUFBQUFBQUFBQUFBQUFBT/wAARCAHjAngDASIAAhEBAxEB/8QAHwAAAQUBAQEBAQEAAAAAAAAAAAECAwQFBgcICQoL/8QAtRAAAgEDAwIEAwUFBAQAAAF9AQIDAAQRBRIhMUEGE1FhByJxFDKBkaEII0KxwRVS0fAkM2JyggkKFhcYGRolJicoKSo0NTY3ODk6Q0RFRkdISUpTVFVWV1hZWmNkZWZnaGlqc3R1dnd4eXqDhIWGh4iJipKTlJWWl5iZmqKjpKWmp6ipqrKztLW2t7i5usLDxMXGx8jJytLT1NXW19jZ2uHi4+Tl5ufo6erx8vP09fb3+Pn6/8QAHwEAAwEBAQEBAQEBAQAAAAAAAAECAwQFBgcICQoL/8QAtREAAgECBAQDBAcFBAQAAQJ3AAECAxEEBSExBhJBUQdhcRMiMoEIFEKRobHBCSMzUvAVYnLRChYkNOEl8RcYGRomJygpKjU2Nzg5OkNERUZHSElKU1RVVldYWVpjZGVmZ2hpanN0dXZ3eHl6goOEhYaHiImKkpOUlZaXmJmaoqOkpaanqKmqsrO0tba3uLm6wsPExcbHyMnK0tPU1dbX2Nna4uPk5ebn6Onq8vP09fb3+Pn6/9oADAMBAAIRAxEAPwD9U6KKKACiiigAooooAKKKKACiiigAooooAKKKKACiiigAooooAKKKKACiiigAooooAKKKKACiiigAooooAKKKKACiiigAooooAKKKKACiiigAooooAKKKKACiiigAooooAKKKKACiiigAooooAKKKKACiiigAooooAKKKKACiiigAooooAKKKKACiiigAooooAKKKKACiiigAooooAKKKKACiiigAooooAKKKKACiiigAooooAKKKKACiiigAooooAKKKKACiiigAooooAKKKKACiiigAooooAKKKKACiiigAooooAKKKKACiiigAooooAKKKKACiiigAooooAKKKKACiiigAooooAKKKKACiiigAooooAKKKKACiiigAooooAKKKKACiiigAooooAKKKKACiiigAooooAKKKKACiiigAooooAKKKKACiiigAooooAKKKKACiiigAooooAKKKKACiiigAooooAKKKKACiiigAooooAKKKKACiiigAooooAKKKKACiiigAooooAKKKKACiiigAooooAKKKKACiiigAooooAKKKKACiiigAooooAKKKKACiiigAooooAKKKKACiiigAooooAKKKKACiiigAooooAKKKKACiiigAooooAKKKKACiiigAooooAKKKKACiiigAooooAKKKKACiiigAooooAKKKKACiiigAooooAKKKKACiiigAooooAKKKq6hqlnpUccl7dwWcckiwo9xIqBpGOFQEnlieAOpoAtUUUUAFFFFABRRRQBX1C8Gn2FzdGKacQRNKYrdC8j7QTtVR1Y4wB3NSxSebGj7WXcAdrDBGexHrT6KACiiigAooooAKKKKACiiigAooooAKKKKACiiigAooooAKKKKACiiigAooooAKKKKACiiigAooooAKKKKACiiigAooooAKKKKACiiigAooooAKKKKACiiigAooooAKKKKACiiigAooooAKKKKACiiigAooooAKKKKACiiigAooooAKKKKACiiigAooooAK8u+P37O/gr9onw/peneNo7w2mj3yapazWd69s0MqD7xIOCNuRyDgE4wea9RpGUMpVgCpGCD0NADLeWKa3ikgdZYXUMkiNuDKRwQe4x3qSmqqxqqqoVVGAoGAB6U6gAooooAKKKKACiiigAooooAKKKKACiiigAooooAKKKKACiiigAooooAKKKKACiiigAooooAKKKKACiiigAooooAKKKKACiiigAooooAKKKKACiiigAooooAKKKKACiiigAooooAKKKKACiiigAooooAKKKKACiiigAoorN0vWJdSvNTt5NLvbBbKcQpPdLGI7sFFbzItrsSmWK/MFOVPGMEgGlRRRQAUUUUAFFFFABRRRQAUUUUAFFFFABRRRQAUUUUAFFFFABRRRQAUUUUAFFFFABRRRQAUUUUAFFFFABRRRQAUUUUAFFFFABRRRQAUUUUAFFFFABRRRQAUUUUAFFFFABRRRQAUUUUAFFFFABRRRQAUUUUAFFFFABRRRQAUUUUAFFFFABRRRQAUUUUAFFFFABRRRQAUUUUAFFFFABRRRQAUUUUAFFFFABRRRQAUUUUAFFFFABRRRQAUUUUAFFFFABRRRQAUUUUAFFFFABRRRQAUUUUAFFFFABRRRQAUUUUAFFFFABRRRQAUUUUAFFFFABRRRQAUUUUAFFFFABRRRQAUUUUAFFFFABRRRQAUUUUAFFFFABRRRQAUUUUAFFFFABRRRQAUUUUAFFFFABRRRQAUUUUAFFFFABRRRQAUUUUAFFFFABRRRQB8v/t1ftc63+yp4f8AB0nhnwxB4t1zxBqTWy6fM0mfJRAWKLGNxYs8ajqBnocivH/2hf8AgrBpPwftfA7+HvClr4sudd0n7fqNlJqrWtxpEwfY1tMnksRIrrIpDbSCnTBBr7r8UeKNI8FeH77Xdf1G20jR7CIzXV9dyBIoUHVmY9BX5J/tnfso/E66+KHxV+LfgjwTovjvwR4sgFrH9mddWvIldYd97bxp8yOJYThkLFVYggqWoA+o/Bv/AAV4+Bmu+AX1zXJ9V8N61C6xy+HmtHuZ2JJw0UiDY64GSSVI6EcjPsvwY/bk+Cvx6vZ7Hwr40tv7RhWJns9UjexlYyEhVQTBRI24YIQtgkeoz+bnwO/4JB6/8Xvgho/jPUfGUng7xDqkEk8WgaloxIjUSMsRkk80ModAr/cyA3Q15f4w/wCCX3xr+Hvgu98R6tBpUVxDqcWmWGkWd09xe6jJJKscTwiNCiqxbOZGQgKSwFAH72UV+Lfgn/gon8fP2Odd1X4dfFPRj4t1KwuYTJFr92Td20WxfljnQsHV02srHcOc85NfbX7PP/BUr4SfGbTdUfxLfW/w01Ozuljis9bvFK3ULsFjkjkCgE5Pzrj5euSuSAD7KopsciTRrJGyvGwDKynIIPQg06gAooooAKKKKACiiigAooooAKKKKACiiigAooooAKKKKACiiigAooooAKKKKACiiigAooooAKKKKACiiigAooooAKKKKACiiigAooooAKKKKACiiigAooooAKKKKACiiigAooooAKKKKACiiigAooooAKKKKACiiigAooooAKKKKACiiigAooooAKKKKACiiigDnfiJ4B0X4p+Bdc8I+IrZrvRNZtHs7uFXKMUYYyrDkMOCD2IFefeFf2eh8GPguvgT4Sa7c+FfsYuJtPm1JRqMYmkLOBIJAT5e85ITaeT3Jz7HRQB558CbH4m6d4Cjg+LWo6Fqvi1bmXN14djdLZ4CQY8h1X5hyDgY4HvXodFFAHzv8fP2C/hH+0d440vxb4s0i5TW7R4zcTadceR/aEaY2xXHB3LhQuRtYDgMK/Ob9qr/AIJL+Nfh7quv+JPhpLB4i8EW9tJqBtLq4WO/tURd0iYwFlxhiu3BIGMZxn9oaKAPwA+Gv7VXxr/Yl8ZWGhm+1pLWKO2udU8J+JlDQSKy7lEOSzRK0TJh0Kk8ZBCgV+2v7Pn7QXhH9pb4cWfjLwfdSS2UrmG4tbhQtxaTLjdFKoJwRkEEEgggg4NfNn/BQD/gn/pn7RNrf+PNA1BNC8ZWVgBdBrM3CahDAGZFAQGRZACVBQHcNqkHAI/PT9mv4xfH39k/4D+IPH/g220g/D+48RLpWow6rCkk0V+iITlMrIoKFUPJAz0B5oA/eiivGP2Sf2ldN/ar+Ddh42sbD+x7pppLS+0w3CzG2nQ8jcMHawIYZAOG6d69noAKKKKACiiigAooooAKKKKACiiigAooooAKKKKACiiigAooooAKKKKACiiigAooooAKKKKACiiigAooooAKKKKACiiigAooooAKKKKACiiigAooooAKKKKACiiigAooooAKKKKACiiigAooooAKKKKACiiigAooooAKKKKACiiigAooooAKKKKACiiigAooooAKKKKACiiigArzP4xfCHwb4w+G+v6fq3geDxLYmZtcl0OyRYW1K9jXcpbBVZJHKqvz5B4z0r0yigD+e3X/ABt4l/ZY8VaX4u+HPiS4+HnijXLm9n1X4f2ryv8A2BHHcFILW7WYfvdwDOqyKSE2nncDX7GfsYftheHP2uPh22oWIOneKdKWOHWtIlILQyMDtlQgYaN9rEHsQQemT5/+2R+w14e+JmoXXxd8OaLFqHxO0ea21b+z7xGuLXXY7RDiwkhJC/vQqLuIJyqjoTX5aaP+2K3w1/a+vfjD4B8H2XhfSGc26+EYWNvam28hYTHIIgBnKiTpgSAHBxigD+g1rhEmjiJIkkBKjB7Yzz+IqSsXwb4w0jx/4V0rxFoV9DqOk6lbR3VtcQtlWR1DL9Dgjg8itqgAooooAKKKKACiiigAooooAKKKKACiiigAooooAKKKbJIsUbO7BEUZZmOAB6mgB1FfGn7RP/BU74Q/BKW/0jRLmT4geJ4EYLbaM6mzSUPtMctzkgEYJ+QP0xxmvhzxt+2v+0x+3Nqw8JfDHQrzw/pzwsZrDwxIySSBdrM0165XaBxgAoPmAO4kZAP2uor5D/YP/ZF8dfAG21DxH8S/H+reKPFWpQC2XSv7VnubCxiJVjkSHEk25cbsYUZC53En68oAKKKKACiiigAooooAKKKKACiiigAooooAKKKKACiiigAooooAKKKKACiiigAooooAKKKKACiiigAooooAKKKKACiiigAooooAKKKKACiiigAooooAKKKKACiiigAooooAKKKKACiiigAooooAKKKKACvyZ/4KmfsGnSLi5+MXw50WKHSym7xFo+m2xHlPl3e/ABwFI2hwFABG85yxH6zVU1bSbLXtKvNM1K0hvtOvYXt7m1uEDxzROpV0ZTwVIJBB6g0Afg3/AME3P2sk/Zq+NcVn4hvrpPAviRV0++jNwEtrKZpE8u9dW4wnzKxyMI7HnaBX702d5b6hZwXVrPHc2s6LLFPC4dJEYZVlYcEEEEEdc1+CP/BRT9jmP9lP4pW03h1LyfwJ4gR7rT5ZoyVs5d7b7PzMndsXYVLclWGclST9Zf8ABHn9qrUvEEF78FvEd9byQaXaG78OtKcXDJ5jNPb5/jC7w691UMOVA2gH6hUVn6/4g0zwrot7rGs6hbaVpVlE09ze3kqxQwxqMlmZiAAPU1+ZX7Tn/BZCPR9Q1Tw58HNGt9RaFzCvizUyWgfjl4LfALc5wznHH3SKAP0+vL+206Hzbu4itYs7fMmcIufTJryPxh+2L8EPAaTnWfil4YheEKzw22oJdSgM20fu4izHkc4HHU4Ffz7+PPij8Rf2gPFD3vibXNa8Y6xcMNsTs8uOcKscKjagy2AqKB83Tmu+8L/sGftAeMLEXen/AAs1xIWTzFF+iWbuuAcqkzIzDDDkDqcdaAP3I8B/tk/BD4lSmHw/8TvDtzcbtot7m7FpKxyo4SbYx5YAYHJNewwzx3UKSwyLLE43LIjBlYeoI61/OD4o/Yx+OXg2+Fpqnws8TLMbZ7vNpYNdJ5SffbfFuXjjIznkcc1h+F/jR8WvgZdz6Toni/xV4MmhJSbTI7ye2EZO0kNCSAD8q9RnigD+l6ivyp/Y9/4K8TS3tr4X+OkkKW3lCODxfa2zB/MzwLqKMYwQQN8ajBHKnJYfpz4J8caB8SPCuneJPDGrW2t6FqEfm219aPujkXOD9CCCCDgggggEUAbtFFFABRRRQAUUVyvxO+KPhb4N+DL/AMVeMdZt9D0OyXMlzcNjc38KIvV3bGAqgknoKANjxF4k0vwjot5q+tahbaVpdnE01xd3cojjjRQSWLHgYANfh7+25/wUk8WftG3mreE/Cc0vhv4YmQItui7LvUlU8PcPnIUnkRLgdN24iuH/AG3f24PEf7XXi5YVSTRvAelzu2k6Nu+ZsgL59xg4aUgcDogYqM5Zm+wf+Ccf/BNu0/snSfip8WNJuU1MXUV9oOgXBURiJVJWa6iZSSWYqyoSMbAWB3YAB49+wb/wTL1D45SS+LPinZat4c8FRopsbHY1tdaqzKGDqzLlYQCPmAyxOARgmv2I+Hfw58OfCfwdpvhXwnpUOi6Dp6eXb2kGSF5ySSSSzE5JYkknrXSUUAFFFFABRRRQAUUUUAFFFFABRRRQAUUUUAFFFFABRRRQAUUUUAFFFFABRRRQAUUUUAFFFFABRRRQAUUUUAFFFFABRRRQAUUUUAFFFFABRRRQAUUUUAFFFFABRRRQAUUUUAFFFFABRRRQAUUUUAFFFFABRRRQAUUUUAeFftrfs9QftMfs8+I/CYRjrMCf2nozLjIvoVYxLzxhwzREnoJCeor+fj4b+Pte+C3xM0PxXozPZa94fv1uUSTcnzI2HikAIO1huRlyMqzDvX9NHijxPpXgvw7qOu65fQ6ZpGnwPc3V3cMFSKNQSzE/QV/Pd8SreX9sD9o34h+Jfh34O+waZP8AaNWOmWMsKS+Ui4a5ZJGXLO+JZAmSu9zg4zQBp/tOft3fFT9rdoNF1SSPSfDm5TH4b0NXEM8gxhpMktKdwyAxwvYZ5r339jH/AIJQ618TktPFnxfjvPDfhSeBLiy0e2lWO+vNxyPNyCYE29iN53fw4zXMf8Eg7XQbH9r68tdYC3GsxaNeRaU8IWeDz1ZPMcSAnB8oSBWHBDNzyM/t5QBxnwx+Dfgj4MaDBo3gnwxpvh2xiTZizgCySe8kh+eRuOWYkn1rrzbxG4WcxIZ1UoJdo3BSQSM9cEgcewqSigArz74qfAD4d/GvTLyz8aeD9I103MBtjeXFon2uNO3lz48xCDyCrDBr0GigD8Ef23/+CeviL9ksnxJY6kniL4fXd4lpa3zDbd28jq7LHOgGOAhHmKcE44UnFZX7CP7bOs/so/EKCDU7q81D4cai5TVNHjYuIWbb/pUKEgCVdoB/vLkHnaR+9XjHwdovxA8L6n4c8R6bb6vompQNb3dldJuSVD2PoQcEEcggEYIFfgp+3d+xBqX7H/jDT5LO+k1zwRrRf+zNSmUCaORAC8EwAwHGQQw4Yc4BDAAH74+F/Eum+MvDela/o10l9pOqWsd5aXMf3ZYpFDIw+oIrTr8ev+CVX7cafD/Vrf4OeOtQEfhzUp/+JBqNzIFSwuGyWt3ZjxHI2Nv91zjo+V/YWgAooooAK/D3/gqp+1ZqPxg+M978O9LvceCfCFz5Pkx423WoKpWaZj3CbmjUdBhj/FX6Hf8ABTj486h8Cv2X9Sk0LUp9K8SeIbqLR7C6tgRJEGy8zKwPyHykcBhyCwxzyPxw/ZL/AGe9X/ad+OWh+EbFf9CMgvNWvJM7YLNGBlYnB+Zh8i+rOvbJoA+jv+CUP7L/AIQ+OnxB1zxL4uktdRh8KvbXNnoouGWZrjzA6TSRgYeEbCpBPJ4Ix1/bWsbw74N0DwfbJb6Fomn6PAkSwrHY2qQgRqMKvygcAdBWuZEWQIWUORkLnk0AOooooAKKKKACiiigAooooAKKKKACiiigAooooAKKKKACiiigAooooAKKKKACiiigAooooAKKKKACiiigAooooAKKKKACiiigAooooAKKKKACiiigAooooAKKKKACiiigAooooAKKKKACiiigAooooAKKKKACiiigAoorlPit8RtN+EXw18S+NNYDvpuhWE1/NHFjfIEUkIueNzHCjPGSKAPza/4LM/tJNDHo3wV0sQssqxa1rM2CXXBYQQjsM4Mh78J0BOfKf2Af+CeunftHfBXx34z8T/upL6CfSvCjGaSNYLxFybt9n3kV9iBTnOJeM7TXylPdeMv2wP2iEM9z9u8W+MtWWJHupfki3kKi5OMJGgAAH8KAAV/Q/wDBf4bW/wAHvhP4T8FWptpI9D02Gyaa0t/s8c0iKA8ojydpd9znJJyxySeaAP53dc8O/EL9j/45Q2upwz+HPGfhu7hul8icFXAKyIyuhw8brj2IJBHUV/RX8L/id4d+L3gnS/FHhfVrXWNLvoElWa1fOxmUMUZT8yMM8qwBHcV8Of8ABWz9mPwl4u8Ap8X7vW08M67oUK2E8jW0k66lGxbyINqfdfzXwHPAVm3dBjxn/gih8XbfSvGnjj4bXEEhm1e2j1m1uPMGxTB+7kQqT95hKhBA6Ic9BQB+ulFFFABRRRQAV5h+0d+z/wCG/wBpj4U6r4I8Sx7IrgebZ3yoGlsbpQRHPHnuMkEd1Zl6GvSby6Sxs57mQSNHDG0jCKNpHIAydqqCWPHQAk9qdbzC5t4plV1WRQ4WRCjDIzgqeQfY0AfzBfE74c658I/H+u+DvEdqbPWtHumtbiPsSOQynurKQwPcMDX72/sB/tPQ/tOfATS9SvZrdPFujgadrNpHMGfzEGEnKn5gJVAbnjdvAJ218of8Fjf2WzqWmWPxv0G3zNYrFpviGNABmEttguT6kMyxHqcNH2U18Yf8E9f2ij+zj+0loeo3bD/hHtdK6Jq3mSbEihlkTbOe37twrEn+HeO9AH9CVFIrBlBByDyCK8k/a0+Kd58Ff2b/AIgeNNNx/aWmaYxtGKbgs8jLFExGRwHkUnnoPwoA/Jn/AIK0ftHp8XvjxH4K0i5Wbw74JD2heMgrNfPg3DZ9F2pH9Uf1r6a/4Ir/AAr1rwv4F8e+MNY0KbTrXXprOHS726iMbXUMaymRkBHMe6RMMOCQfSvyS0HSbzxd4m07TIPMudQ1S8jto8fO8kkjhR1PJJb15r+njwJ4Ug8B+B/D3hq2me4ttG06306KaQANIsMSxhjjjJC5oA3a4O6+CfhW8+M9n8U5bW4fxfaaS2iwz/an8lbdnLn91nbuyT82Oh9hjvKKACiiigAooooAKKKKACiiigAooooAKKKKACiiigAooooAKKKKACiiigAooooAKKKKACiiigAooooAKKKKACiiigAooooAKKKKACiiigAooooAKKKKACiiigAooooAKKKKACiiigAooooAKKKKACiiigAooooAKKKKACvzh/4LPfG248LfDHwv8OdL1J7W58RXLXmpQRKwMtnFwql+m0ykEr1Pljt1/R6vwR/4KqeMrnxX+2h4utZbhJ7XRLez021EchdUUQJK69SAfMlkyBjn3zQB73/wRj/Z+u9S8YeIPi5qmmo2kWFu+kaRcTEEm6YoZnRcZ+WP5N3A/eMOecfrnXzz/wAE/PAMvw3/AGP/AIbaVc2k1leTWDahPFcIFkD3EjzfMAPSRQM8gAA9K+hqAOe+IWgHxR4F17S00vStZnubKVILDXIPOsZpth8tZ0/ij37c45xnHNfzhaZ8X9Z+H3x+j+IehaTYeFNY03WDfR6RpKSQWluQ5D26KWLLEw3IVz91iK/per8N/wDgrj8EbL4W/tKp4j0qHyNP8aWZ1SWNQAi3iuUuNvOfm+SQ5H3pD+AB+0vw48cad8TPAPh3xZpMiy6drVhDfQspBwsiBtpx3BJBHYg10dfAX/BG/wCMEfjL9nvU/A0y7L/whfttYybjLb3LPKhwTkYcSrwMY29819+0AFFFFABRRRQBj+MPCelePPCur+HNctEvtH1W1ks7u3kHDxupVh7HB4PY81/Nb8evg7rHwC+LniXwHrgU32j3PliWP7s0TKHilHs0bI2O2cV/TVX5qf8ABYr9mODxF4JsfjLolix1nRjFYa00R4ksmYiOVlxyUkYLu/uuM8KMAH0h/wAE/f2qbX9qL4G2d1dFYPF2gCPTdatg2dzhf3dwO+2VRu9mDjnGT8wf8FsvitPpvhTwB8PLO7aNdSnm1e/hRsb44gI4QwB+6WeQ4IwSgIPFfKv/AASr+MrfCv8Aau0fSpgzab4vhbQ5wqbisjEPAw9P3iKpPo5rX/4LAapeX37YVxb3FtPb29lodjDbPK5KToQ7mRB2G93T6xtQBZ/4JOfs2af8afjddeL9ZlmGm+BXttQitViyl1dOz+SGY8BUMZcjqcL2zX7iV8Rf8Ei/hPf/AA5/ZdbWNV01tPvfFWpNqkDSMpaaz8qNIHwOVBw5APZs/wAVfbtABRRRQAUUUUAFFFFABRRRQAUUUUAFFFFABRRRQAUV86/D/wDa1Txd+118QPgpqWjwaE/h+zguNOubq6AuNSYqryFIzwV2SIy4JO1WJ6/L9FUAFFFFABRRRQAUUUUAFFFFABRRRQAUUUUAFFFFABRRRQAUUUUAFFFFABRRRQAUUUUAFFFFABRRRQAUUUUAFFFFABRRRQAUUUUAFFFFABRRRQAUUUUAFFFFABRRRQA2SRYY2dztRQWJ9AK/mk+Juo23xi/aQ8UXuky7LPxR4quZLSWfPyx3F2xjLY54Div6PviBrEvh3wH4k1WCNJp7HTLm6jjkztZkiZgDjnBI7V/NP8H7WfUvjB4JgtoWmuZ9dsljijGSzG4TAFAH9MPhLw3aeDfCuj6Bp4kFjpdnDZQebIZH8uNAi7mPLHCjk9a1qKKACvhL/gsH8K9M8Xfsyp4wmium1jwnfRNaPAfk8u4kjimEgx93hCDxgqOeSD921xfxq+Hcfxa+EfjHwZIyJ/bmlXNgkkmdqSPGQjHHOA208elAH4xf8Ej/AIsW3w6/art9FvVRbfxdp8ukJM7lfLmBE0Xsdxi2fVxj0P7o1/ML4J13UfhN8VtF1YSzadqfh3WIpmeMYkikhmBbgg8gqeCPqO1f052N5FqFnb3UBLQzxrKjEEEqwyOD04NAE9FFFABRRRQAVznxI8C6d8UPh/4i8I6upOm65YTafOVALKsiFdy5/iGcj3Aro6KAP5kS3ib9nT41MYmbT/FXg7WjtZlPyz28vcHGVJX8QfetX9pf44X/AO0V8bPE3jy9WaGPUp/9Es55S5tbZQFiiHYYUc44yWPevpv/AIK8fA+6+Hv7Ri+NoLVo9D8ZW4mW4a4DlryFVSddvVAFMJ9PmOD2HxLpNvptxFqLajezWckVqz2iw24lE8+5QI2O4bF2l23c/dAxzkAH9Cf/AAT60i50T9jH4UW92ytK+k/aQUYsNksskqDPqEdcjseK+ha8U/Yo/wCTR/hD/wBizY/+ilr2ugAooooAKKKKACiiigAooooAKKKKACiiigAqG6vILC3ee5njt4E+9JK4VRk45J96lZgilmIVVGSTwBX5Y/8ABYD9rDS77QtP+DvhLxAt5cSzi78Sx2RV4ljXa9vbu+Dlt+JCoPGxM9aAKH7UemzfD3/grp8MNf0dpNQvdel0qee1s5v3sYbdZyK3Hyjyo9xHdSfWv1er+cXxp8an+MX7QXgzxhbWVxoOoRJoljMVvGkJntYoIDNG2AUDeWGC5JHJySa/o6oAKKKKACiiigAooooAKKiurqKxtZrm4kWGCFGkkkY4CqBkk+wFPjkWaNXRgyMAysOhB70AOooooAKKKKACiiigAooooAKKKKACiiigAooooAKKKKACiiigAooooAKKKKACiiigAooooAKKKKACiiigAoopGG4EHoaAFopkMK28KRIMIihVBJPAGByafQAUUUUAFFFFAHnP7R9vZ3X7PnxLh1B7mOyk8N6iszWYYzBPs0mSgUElvTANfz0/syaNea/+0R8NrKx0iPXrl/EFk402VwiXCpMrurMeAu1WyfTNf0ZfFi3mvPhb4xgt42muJdGvEjjjGWZjA4AA9Sa/ng/ZBvdV0v8Aak+F1zo1tcXl/D4gtG+z2oQyyR+YPNVd5C5Me8ckUAf0k0UUUAFFFFAH87H7ffgW7+H/AO1/8TrC6ighF3q0mpwLbY2eTc4nj4HQ4kGR6g1+2n7D/wAQrj4ofsn/AA01+9lM98+lJaXMjOHZpIGaBmYju3l7uefm55r80v8Ags58L7vw78fvD/jdbeNdM8SaUtuZo1ILXNsdr7z0J8t4cey+1fWn/BHPxlb+IP2U7jRYrR7efQdcubeaZn3LOZQswYemBJtx/s57mgD7sooooAKKKKACiiigD4p/4KzfBST4pfsv3Gv2MRk1TwbdDVlVQuWtiNlwMnnAUrJwefK78V+Ftf1IeMvC9n448Ia54c1AyCw1ixn0+4MTbX8uWNo32nscMcGv5e9a09tI1m/sWWRWtbiSArKu1wVYrhh2PHSgD+i79iOaO4/ZF+ETRSJKo8N2alkYMNwjAYcdwQQR2IIr26vlf/gmFrS61+xL8PdqKn2QXlqdpPJW7m55A55r6ooAKKKKACiiigAooooAKx7jw60/iyz1watqUS29pLaHS45lFnNvZG810K5Mi7MKwYYDsMHPGxRQAUUUUAFFFFAHnv7Q9prOofAX4i2nhy2urzX7nw9fwWEFjjz3ne3dYwmSPm3EV/M7dWs1lcy29xFJBcQuY5IpVKujA4KkHkEHjBr+qSvF/ip+xv8ABz4xW2ujxF4D0hr/AFuSKW91aztkt753jbcHE6gOrHkMQfmBIOaAPzH/AOCW37F6fEr4hw/EPxvZ6hZ6R4f+zapo9hcWMiQapIzyeXOJWXY8cbwtlVJJYLnA4b9oKxPBXgvRPh14V0zw14b06HSND02IQWllBnZEgJOBkknkk5JySa26ACiiigAooooAKKKKACiiigAooooAKKKKACiiigAooooAKKKKACiiigAooooAKKKKACiiigAooooAKKKKACiiigAooooAKKKKACiiigAooooAKKKKACiiigAooooAjuLeO6gkhmRZIpFKOjDIZSMEH2xX81Pxo8Aj4R/tGeLfCcFzNpMGi+IZra1ukJeSCFZj5Uo2nJYJsbAOc+9f0tV+Cf8AwVS+G8nw9/bG8S3Y8pbXxJbW+uW6xuSy718qTdnoTLDK2OmGFAH7ueHbO403w/plpd3kmo3VvaxRTXkq7XndUAaRh2LEE4960K+d/wBgrx1oHjD9mXwNBpfi268V6tZ6VA+rPql6bm+guZNzOshY7ggkEix542RgAnFfRFABRRRQB+b/APwW4021l+DHw81B4wb2DX5IIpNxyscls7OMdDkxR/8AfPvXD/8ABD/xvClx8UfB8kz/AGiRbPVoIWk+XapeKVlXscvCCf8Ad9K6b/guBpFzN8O/hdqiBfsdtqt5bSHd83mSwoyYHcYhk57ceteRf8ESbeFvjp4+na6RJ08OBEtSjbpFa6iLOG6AKVUEHk+YMdDQB+x9FFFABRRRQAUUUUAFfz0f8FEfhh/wqr9rzx7YRWH9n6dqVyusWSB96vHcKHZh6DzfNGO2MV/QvX49f8FuPDFrY/Fz4d6/EAt1qOjT2swEYGRBMGVi3Un9+Rz0CigD33/gi549uvEH7PnifwzcymRPD+tk2ykf6uG4jD7c5/56LKeg+937foRX4+/8ES/H1xp/xU8e+DXuIUsdT0mPUlhZf3jTQSqgKn02Tvkewr9gqACiiigAooooAKKKKACiiigAooooAKKKKACiiigAooooAKKKKACiiigAooooAKKKKACiiigAooooAKKKKACiiigAooooAKKKKACiiigAooooAKKKKACiiigAooooAKKKKACiiigAooooAKKKKACiiigAooooAKKKKACiiigAr80f+C1XwdsdR+Hvg74mWto39sabff2NeTQwbt9rKryRmVx91UkQhc8ZuCOpFfpdXkf7Wnwjk+On7OPj3wTbjN9qOnM1ku/YGuomWaBSc8AyRoDnsaAPhv8A4JmfFLTfCfh/4XQWlkl3/wAJa174M1KfzFiewvLF7vUrd8YzKk0N8yc42GJcE7iB+oFfir/wSc0/R/FnjDxdoHiPVptLtfD72XjOyltrkwTW9xZyNHK4cf8ALJ4p2jlX+NGA7Cv2c0PW9P8AE2i2Gr6TeQ6jpd/Al1a3ls4eKeJ1DI6MOCpUggjsaAL1FFFAH56/8Fq7i0j/AGdfCEU1oZrqTxNH5Fx5hXycW05b5f4sjjnpXzV/wRT1C2tf2jPF9tLMkdxc+GJBDGx5kK3MDNj6Dmvbv+C33iZLf4c/DPw+PJaS71W5vz+8/eKIoQgwv90+eefVR614T/wRbt4JP2lvEksunzXMsfhqYRXaJmO2JuIM7mzxuGQOuaAP2nooooAKKKKACiiigAr8yv8Agtz4k8PReBfhxoNxYtP4omvrm8tLxXKi2tlREmUjHzeYzRY548r3r9Na+Mf+CrHwR0b4mfswav4ruorptd8Fp9u05rYkjbJLCk4kXuuwbs/w7c9M5APy2/4J1/Ei3+F/7YXw+1K9uVtbC9uZNKnkfdtxcRtEmQD/AM9Gj65A69q/oXr+XHwT4kl8G+M9B1+Db5+lahb30e5dw3RSK4yMjPK9M1/ULpt/HqmnWt7CGENzEkyBxhtrAEZ98GgCzRRRQAUUUUAFFFFABRRRQAUUUUAFFFFABRRRQAUUUUAFFFFABRRRQAUUUUAFFFFABRRRQAUUUUAFFFFABRRRQAUUUUAFFFFABRRRQAUUUUAFFFFABRRRQAUUUUAFFFFABRRRQAUUUUAFFFFABRRRQAUUUUAFFFFABRRRQAUUUUAfkvovw4s/2U/+CqkMGv2ENt4K+IL3sWlMp/0dlvVZRCVx0E58rZ0AdTnFfXf/AATp8ctqXwl8Q/D67NwmpfDnxBe+HPs90p86O1SVjbB26MQmU7f6vp3OR/wUc+CF14k8B6P8XvCempdfET4aXUWt2Uksp8t7SBxNMjxkgOF2CTAw3yEA84P5ofsH/txat+zT8V5/7fuHvvA/ie9V9fV18yaOQkgXauQXJTcSy5O4Z/iwaAP3zoqCyvbfUrOC7tJo7m1uI1limiYMkiMMqwI6ggg5qegD8qf+C4lxpXmfCaEKv9uAag5bBz9n/cAD0+8D+Rpf+CHWkzbvi3qn2n9wP7NtjbberH7Q2/P0BGPevn7/AIKzfGLSfip+1JJp+iyxXdp4U09NFluoTuWS4EjySqDnB2NJsP8AtK1fY3/BFj4e3Ph/4E+LvFdzBJCviLWFitmcnbLDbR7dyjH/AD0klXOTnbjjFAH6IUUUUAFFFFABRRRQAVheOvBum/ETwXrvhfWIVuNK1iymsbmNh1jkQqfxwa3aKAP52PjF+w38XPhT8VdS8G2/g3XfFMcU6pZavpGlTy2t7G/+rcMqlVJzhlJ+UgjPGa/fP4LeC7r4c/CLwZ4Wvr+41O80fSLWxmu7o5kkeOJVJPJ7jA5PAHJrtKKACiiigAooooAKKKKACiiigAooooAKKKKACiiigAooooAKKKKACiiigAooooAKKKKACiiigAooooAKKKKACiiigAooooAKKKKACiiigAooooAKKKKACiiigAooooAKKKKACsTxt4x0v4e+D9Z8Ta3M8GkaRaSXt1JHE0jrHGpZtqKCWOBwAMmtuigDD8D+MNP+IPg3RPE2lCcabrFnFfW4uoTFKI5EDKHQ8q2DyK3KKKACiiigAooooAKKKKACiiigAooooAKKKKAI7i3iureSCeNJoZFKPHIoZWUjBBB6givw0/4KQfsLn9mrxdH4s8F6deS/DbWGLMx+dNKumdj9mJ6iPbt2M3XlSSRk/ufVbUtNs9YsZrK/tIL6zmG2W3uYxJG49GUggj60Afj38Kf+C0PjPwvb6RpnizwFoWr6VaRLbySaMz2M2xcBSqEvGMKMbQFB45Wut+Pn/BaD+3vB11pPwo8K6hoesXcZjOt660Re0BBBaKJGYFx8pDM2Ac/Ka93+MH/BIf4SfErx5b+INFvr/wAC2DAC90XRoYvs0u1NqmIEfuTkAtwwPOApOa+fvBv/AARB1yTWbseLPibp9tpMcg+znRtPkmnnTdzvEhRYjt9PMwT3xyAfCvwF+BPjX9qn4rReHfD0Eup6jdSG71PUrmT5beEyDzbiaQ57t7sxPAJr+jP4e+BNI+GHgfQvCWgW5ttG0azjsrWJmLMI0UAEk9SepPck1yH7Pv7N/gb9mfwRF4a8E6UtrEcNd6hOFe8vpOfnmkAG4jJwOAoOAAK9QoAKKKKACiiigAooooAKKKKACiiigAooooAKKKKACiiigAooooAKKKKACiiigAooooAKKKKACiiigAooooAKKKKACiiigAooooAKKKKACiiigAooooAKKKKACiiigAooooAKKKKACiiigAooooAKKKKACs7XvEOl+FtNfUdY1C20uwR442ubuVY4wzuERck4yzMqgdywA61o1l+I/C+k+LtNWw1rT4NSs1uIbpYbhdyiWGVZYnHoyuisD6qKANSua8Fat4l1RtfHiTQoND+y6tPbaabe7FwL2xUKYblsAeWzZYGM8qV75zXS0UAFFFFABRRRQAUUUUAFFFFABRRRQAUUUUAFFFFABRRRQAUUUUAFFFFABRRRQAUUUUAFFFFABRRRQAUUUUAFFFFABRRRQAUUUUAFFFFABRRRQAUUUUAFFFZ+qWmoXN1pj2WoLZQwXPmXcTQCT7VF5br5YJI2HeyPuGfuYx81AGhRRRQAUUUUAFR3Ful1C0UgJRhggEg/mKkooAKKKKACiiigAooooAKKKKACiiigAooooAKKKKACiiigAooooAKKKKACiikZtqk4JwM4HU0ALRXL/Dfx2vxH8Lx62uha54b3TzQNp/iGy+yXaNHI0ZJTJ+UlcqwJBBBrqKACiiigAooooAKKKKACiiigAooooAKKKKACiiigAooooAKKKKACiiigAooooAKKKKACiiigAooooAKKKKACiiigAooooAKKKKACiiigAooooAKKKKACiiigAooqOeFbiFo33bW4O1ip/MHIoAkooooAKKKKACiiigAooooAKjhMhhQzBVl2jeEJKg98EgZFSUUAFFFFABRRRQAUUUUAFFFFABRRRQAUUUUAFFFFABRRRQAUUUUAFFFFABRRRQAUUUUAFFFFABRRRQAUUUUAFFFFABRRRQAUUUUAFFFFABRRRQAUUUUAFFFFABRRRQAUUUUAFFFFABRRRQAUUVUk1ayj1SHTHuoV1CaF7iO1LgSPGjKruF6kAugJ7bh60AW6KKKACiiigAooooAKKyR4W01fFR8RiKUaubP7AZftEnlmHfvx5W7y87h97buxxnHFa1ABRRRQAUUUUAFFFFABRRRQAUUUUAFFFFABRRRQAUUUUAFFFFABRRRQAUVnaN4i0vxF9u/sy/t7/wCw3UljdfZ5A/kzpjfE2OjDIyO2a0aACiiigAooooAKKKKACiiigAooooAKKKKACiiigAooooAKKKKACiiigAooooAKKKKACiiigAooooAKKKKACiiigAooooAKKKKACiiigAooooAKKKKACiiigAooooAKKKKACm+WvmB9o3gYDY5x6U6igAooooAKKKKACiiigAooooAKKKKACiiigAooooAKKKKAKti160l39sS3SMTYtvIdmJi2ry+QMNu3cDIxjnrVqiigAooooAKKKKACiuTuPHF1D8UrTwiPDepy2dxpL6mfEMaqbKJ1lEf2dzncJCGDDjBAPoa6ygAooooAKKKKAI4oI4N/lxrHvYu21QNzHqT6mpKKKACiiigAooooAKKKKACiiigAooooAKKKKACiiigAooooAKKKKACiiigAooooAKKKKACiiigAooooAKKKKACiiigCOYSFR5TKrbhneCRtzyOo5xmpKKKACiiigApsm7y22Y34+Xd0z706igDH8J/29/wj9p/wk404a4AwuTpJk+zE7jtKeZ8wyuMg5wcjJ61sUUUAFFIzBRknA96ZPCLiF4yzKGGC0bFWH0I5BoAkooooAKKKKACiiigAooooAKKKKACiiigAoqK6hNzazQiWSAyIyCWIgOmRjcuQRkdsinRIY40QszlQBubqfc+9AD6KKKACiiigAooooAKKKKACiiigAooooAKKjklKSRKI3cOSCy4wvBOTz+HHrUlABRRRQAUUUUAFFFFABRRRQAUU1pFUqGYKWOFBPU4zgU6gAooooAKKKKACiiigAooooAKKKKACiiigAooooAKK5/x14i1Lwr4buNR0nw3f+Lb9GVY9K02WCKWTcwGd0zogAzkkt0HANbyMWVSVKkjJU9R7UAOooooAKKKKACiiigAooooAKKKKACiiigAooooAKKKKAKmq6taaHp8t9fTrbWkWC8r5wuSAM/iRVuiigAooooAKKKKACiiigCG6s4L6MR3MMc8YdZAsihhuUhlOD3BAI9xU1FFAFXS9Vstc0221DTruC/sLqNZYLq2kEkcqEZDKwOCCO4q1UMFpDbM7RRLGXxu2jGcDA/SpqACiiigAooqCezjuJreV9++By6bZGUZKleQDhhgng5GcHqBQBPRRRQAUUUUAFFFFABRRRQAUUUUAFFFFABXgX7UH7ZHhL9lz+yYdX0/UfEOo3eLm507RlWS4srAMVe9lUniIOAgJwCxxmvfa+P8A4pfsQ+Mvj78XLrWviH8W7qbwAv2yztfC+gaethOdPn2MLaa7Rg0i744mZXVwfKHTccAH1N4L8YaX8QfCGi+JtDuPtej6xZxX1nPtKl4pEDqSDyDgjg1tVz3g/wAA6H4DtTb6LZm1RoLe3bdK7kpBCsMQ+YnGERRxjPJPJJq9q1jqd3faVLY6othbW85kvLdrYSm7j2MBGGJHl4Yq24Z+7jvQBp0UUUAFFFct4w8Ua7oGreHrXSPCF54ktdQuxb317bXdvCmmRcZmkWR1Z1AzxGGPGMcigDqaKKKACiiigAooooAKKKKACiiigCKa1huJIXlhjleF98TOoJRsFdynscEjI7E1LRRQAUUUUAFFFFABRRRQAUUUUAFFFFABRRRQAUUUUAFFFFABRRRQAUUUUAFFFFABRRRQAUUUUAFFFFABRRRQAUUUUAFFFFABRRRQAUUUUAFFFFABRRRQAUUUUAFFFFABRRRQAUUUUAFFFFABRRRQAUUUUAFFFFABRRRQAUUUUAFFFFABRRRQAVxHxU+Mfhn4N2Oh3XiWe6jXW9Vh0Wwjs7OW5kmupQxRAsakjhGOTxxXb0140k27lVtp3DcM4PrQA6iiigAooooAKKKKACiiigAooooAKKKKACiiigAooooAKKKKACiiigAooooAKKKKACiiigAooooAKKKKACiiigAooooAKKKKACimrIrMyhgWXqAeRTqACiiigAooooAKgvrVry3aJbiW1JKnzYCAwwwOOQRg4weOhNT0UAFQSXXl3kFv5Mreart5qplE244Y9id3Hrg+lT0UAFFFFABRRRQAUUUUAFFFFABRRRQAUUUUAFFFFABRRRQAVzum+PtH1bxxrfhK2lmbW9Gtra7vImgdY1jn8zyishG1ifKfIBJGBnGa6KigBKbDIJokkUMFdQw3KVOD6g8g+xp9FABRRRQAUUUUAFFFZ2i+ILDxEl49hK0y2l1JZzFonjxLGcOo3AbgD/EMg9iaANGiiigAooooAKKKKAMi+8KaVqXiTSteubXzNW0uOaG0uPMceUswUSDaDtOdi9QcY4xWvRRQAUUUUAFFFFABRRRQAUUUUAFFFFABRRRQAUUUUAFFFFABRRRQAUUUUAFFFFABRRRQAUUUUAFFFFABRRRQAUUUUAFFFFABRRRQAxYkR3dUVXfG5gOWx0zT6KKACiiigAooooAKKKKACiiigAooooAKKKKACiiigAooooAKKKKACiqmr3N1Z6Te3FjZnUb2GB5ILMSrEZ5ApKx724XccDJ4Gc1LZzSz2kEs0BtpnRWeFmDGNiMlcjg4PGRQBNRRRQAUUUUAFFFFABRRRQAUUUUAFFFFABRRRQAUUUUAFFFFABRRRQAUUUUAFFFFABRRRQAUUUUAFFFFABRRRQAUUUUAFFFFABRRRQAUUUUAFFFFABRRRQAUUUUAFFFFABRRRQAUUUUAFFFFABRRRQAUUUUAFFFFABRRRQAUUUUAFFFFABRRRQAUUUUAFFFFABRRRQBHPCtxC8TlwrjBMblG/BgQR9QakoooAKKKKACiiigAooooAKKKKACiiigAooooAKKKKACiiigAooooAKKKKACiiigAooooAKKKKACiiigAqC0s47KN0jaVg8jynzpXkOWYsQCxJAyeFHAGAAAMVPRQAUUUUAFFFFABRRRQAUUUUAFFFFABRRRQAUUUUAFFFFABRRRQAUUUUAFFFFABRRRQAUUUUAFFFFABRRRQAUUUUAFFFFABRRRQAUUUUAFFFFABRRRQAUUUUAFFFFABRRRQAUUUUAFFFFABRRRQAUUUUAFFFFABRRRQAUUUUAFFFFABRRRQAUUUUAFFFFABRRRQAUUUUAFFFFABRRRQAUUUUAFFFFABRRRQAUUUUAFFFFABRRRQAUUUUAFFFFABRRRQAUUUUAf/2Q==','admin','admin','2017-05-19 04:39:08','2017-05-19 09:47:14'),('test','signature_file_type','image/jpeg','','admin','admin','2017-05-19 04:39:08','2017-05-19 09:47:14');
/*!40000 ALTER TABLE `sec_user_info` ENABLE KEYS */;
UNLOCK TABLES;

--
-- Table structure for table `sec_user_option`
--

DROP TABLE IF EXISTS `sec_user_option`;
/*!40101 SET @saved_cs_client     = @@character_set_client */;
/*!40101 SET character_set_client = utf8 */;
CREATE TABLE `sec_user_option` (
  `username` varchar(30) NOT NULL,
  `option_key` varchar(30) NOT NULL,
  `option_value` varchar(255) DEFAULT NULL,
  UNIQUE KEY `idx_sec_user_option_1` (`username`,`option_key`)
) ENGINE=InnoDB DEFAULT CHARSET=utf8;
/*!40101 SET character_set_client = @saved_cs_client */;

--
-- Dumping data for table `sec_user_option`
--

LOCK TABLES `sec_user_option` WRITE;
/*!40000 ALTER TABLE `sec_user_option` DISABLE KEYS */;
INSERT INTO `sec_user_option` VALUES ('admin','lang','zh_cn'),('admin','system','drs'),('boss','system','acct'),('director','system','acct'),('director1','system','acct'),('manager','system','acct'),('manager1','system','acct'),('test','lang','zh_cn'),('test','system','acct');
/*!40000 ALTER TABLE `sec_user_option` ENABLE KEYS */;
UNLOCK TABLES;

--
-- Table structure for table `swo_wservice`
--

DROP TABLE IF EXISTS `swo_wservice`;
/*!40101 SET @saved_cs_client     = @@character_set_client */;
/*!40101 SET character_set_client = utf8 */;
CREATE TABLE `swo_wservice` (
  `wsvc_key` varchar(50) NOT NULL,
  `wsvc_desc` varchar(100) NOT NULL,
  `city` char(5) NOT NULL,
  `session_key` varchar(50) DEFAULT NULL,
  `session_time` datetime DEFAULT NULL,
  PRIMARY KEY (`wsvc_key`)
) ENGINE=MyISAM DEFAULT CHARSET=utf8;
/*!40101 SET character_set_client = @saved_cs_client */;

--
-- Dumping data for table `swo_wservice`
--

LOCK TABLES `swo_wservice` WRITE;
/*!40000 ALTER TABLE `swo_wservice` DISABLE KEYS */;
/*!40000 ALTER TABLE `swo_wservice` ENABLE KEYS */;
UNLOCK TABLES;
/*!40103 SET TIME_ZONE=@OLD_TIME_ZONE */;

/*!40101 SET SQL_MODE=@OLD_SQL_MODE */;
/*!40014 SET FOREIGN_KEY_CHECKS=@OLD_FOREIGN_KEY_CHECKS */;
/*!40014 SET UNIQUE_CHECKS=@OLD_UNIQUE_CHECKS */;
/*!40101 SET CHARACTER_SET_CLIENT=@OLD_CHARACTER_SET_CLIENT */;
/*!40101 SET CHARACTER_SET_RESULTS=@OLD_CHARACTER_SET_RESULTS */;
/*!40101 SET COLLATION_CONNECTION=@OLD_COLLATION_CONNECTION */;
/*!40111 SET SQL_NOTES=@OLD_SQL_NOTES */;

-- Dump completed on 2017-06-01 15:37:44
